SMILES,tanimoto similarity to closest train set,closest train set smiles,closest train set name,tanimoto similarity to closest abx,closest abx smiles,closest abx name,Database,hit,hit_epi_unc,Name,PROJECT_CODE,PROJECT_NAME,CXSMILES,STEREO_COMMENTS,row_num,cluster
ClC1=C(Cl)C=C(C=C1)N1C2CS(=O)(=O)CC2NC1=S,0.4395822973644953,C=C(NC(=O)C(=C)NC(=O)c1csc(C2=NC3c4csc(n4)C4NC(=O)c5csc(n5)C(C(C)(O)C(C)O)NC(=O)C5CSC(=N5)C(=CC)NC(=O)C(C(C)O)NC(=O)c5csc(n5)C3(CC2)NC(=O)C(C)NC(=O)C(=C)NC(=O)C(C)NC(=O)C(C(C)CC)NC2C=Cc3c(C(C)O)cc(nc3C2O)C(=O)OC4C)n1)C(N)=O,THIOSTREPTON,0.4367053620784964,NC1Cc2ccc(c(Cl)c2)Oc2cc3cc(c2O)Oc2ccc(cc2Cl)C(O)C2NC(=O)C(NC(=O)C3NC(=O)C(c3cc(O)cc(Oc4cc(C5NC(=S)N(c6ccccc6)C5=O)ccc4O)c3)NC1=O)c1ccc(O)c(c1)-c1c(cc(O)c(CNC3C4CC5CC(C4)CC3C5)c1O)[C@H](C(=O)O)NC2=O,,MolPort,0.652121217250824,0.0207914799401613,,,,,,332,0
[Cl-].[Cl-].BrC1=CC(Br)=C2OCC(C[NH+]3CCCCC3)(C[NH+]3CCCCC3)C(=O)C2=C1,0.452322738386308,CC(=CCC[C@@]1(C)Oc2c(c3c(c(c2C=C1)O)C(=O)[C@H]1C[C@@H]2C[C@H]4C(C)(C)O[C@](C/C=C(/C)C(=O)O)([C@@H]2O)[C@@]14O3)CC=C(C)C)C,BRD-K01825016,0.4363095238095238,CCN(CC)C(=O)COc1cc2c(O)c3c(O)c(C)c4c(c13)C(=O)[C@@](C)(O/C=C/[C@H](OC)[C@@H](C)[C@@H](OC(C)=O)[C@H](C)[C@H](O)[C@H](C)[C@@H](O)[C@@H](C)/C=C/C=C(/C)C(=O)N2)O4,RIFAMIDE,MolPort,0.7513697028160096,0.0327926351925782,,,,,,48,1
ClC1=CC=CC(=C1)N1CCN(CC1)C1=C(N2CCOCC2)C(=O)C1=O,0.3210831721470019,CC(=O)NC[C@H]1CN(C(=O)O1)c1ccc(c(c1)F)N1CCN(CC1)C(=O)CO,BRD-K47554101,0.3210831721470019,CC(=O)NC[C@H]1CN(C(=O)O1)C2=CC(=C(C=C2)N3CCN(CC3)C(=O)CO)F,EPEREZOLID,MolPort,0.665251108855009,0.0650102821867644,,,,,,266,10
CC1=C(C)C(N2C(=O)C=CC2=O)=C(N2C(=O)C=CC2=O)C(C)=C1C,0.4222222222222222,Oc1ccc(cc1)N1C(=O)C=CC1=O,BRD-K70834168,0.3664643399089529,CC(C)=CCC/C(C)=C/CC/C(C)=C/CN1C(=O)c2cccc(O)c2Nc2c(O)cc(O)cc21,DIAZEPINOMICIN,MolPort,0.7953171789646148,0.0367166756892014,,,,,,15,100
O=C1C(=CSC2=CC=CC=C12)N1CCC(CC2=CC=CC=C2)CC1,0.3716381418092909,O=C1C(CCC(O)c2ccc(F)cc2)C(c2ccc(O)cc2)N1c1ccc(F)cc1,EZETIMIBE,0.355715871254162,CCN(CC)c1nc2c(s1)c1c(O)c3c(O)c(C)c4c(c32)C(=O)[C@@](C)(O/C=C/[C@H](OC)[C@@H](C)[C@@H](OC(C)=O)[C@H](C)[C@H](O)[C@H](C)[C@@H](O)[C@@H](C)/C=C/C=C(/C)C(=O)N1)O4,RIFAMEXIL,MolPort,0.5733197206258773,0.0454547580955221,,,,,,1041,101
ClC1=CC(Cl)=C(C=C1)C(=O)NC(=S)OCC1=C(Cl)C=CC=C1,0.3458646616541353,NC(=O)c1ccc([N+](=O)[O-])cc1Cl,AKLOMIDE,0.2706093189964157,CC(C)(O/N=C(\C(=O)N[C@@H]1C(=O)N2C(C(=O)[O-])=C(C[N+]3(CCNC(=O)c4ccc(O)c(O)c4Cl)CCCC3)CS[C@H]12)c1csc(N)n1)C(=O)O,CEFIDEROCOL,MolPort,0.6039881265163421,0.0146320073770642,,,,,,684,102
Cl.CC1(C)CC(CC(C)(C)N1)NC(=O)CCCOC1=C(Cl)C=C(Cl)C=C1,0.3572542901716068,CC(C)(C)NCCCCOc1ccc(cc1C(C)(C)C)Cl,BRD-K65130196,0.3540856031128405,CCCCCCCCCCCC[N+](C)(C)CCOc1ccc(Cl)cc1,DODECLONIUM,MolPort,0.6389503780007363,0.0391337114444277,,,,,,412,103
ClC1=CC=C(NC(=S)N2CCN(CC2)C2=NC=CC=C2)C=C1Cl,0.3700189753320683,CC1=CC=C(CN2CCN(CC2=O)C2=CC=C(Cl)C(=N2)C(O)=O)C=C1,MP54,0.3333333333333333,CCn1cc(C(=O)O)c(=O)c2cc(F)c(N3CCNCC3)nc21,ENOXACIN,MolPort,0.6696028178930282,0.0187697287168262,,,,,,244,104
Cl.Cl.FC1=C(C=CN=C1)N1CCC(CC1)C1CCNCC1,0.2821428571428571,NC[C@H]1CCN(C1)c1ccc(cc1)Oc1ccccc1,BRD-A20309731,0.2619047619047619,CCn1cc(C(=O)O)c(=O)c2cc(F)c(N3CCNC(C)C3)c(F)c21,LOMEFLOXACIN,MolPort,0.7520387631654739,0.0289220369815705,,,,,,45,105
O=S(OC1=CC=CC2=C1C=CN2)(C(C=C3)=C(Cl)C=C3Cl)=O,0.4064015518913676,O=S(=O)([O-])c1cc(I)c(O)c2ncccc12.[Na+],CHINIOFON,0.3452714045886961,CO[C@H]1/C=C/O[C@@]2(C)Oc3c(C)c(O)c4c(O)c(c5c(nc6cc(C)ccn65)c4c3C2=O)NC(=O)/C(C)=C\C=C\[C@H](C)[C@H](O)[C@@H](C)[C@@H](O)[C@@H](C)[C@H](OC(C)=O)[C@@H]1C,RIFAXIMIN,MayBridge,0.6234673994779587,0.0157929492353229,,,,,,526,106
OC1=CC(=CNNC(=O)C2=C(O)C=C3C=CC=CC3=C2)C=CC1=O,0.4256410256410256,NNC(=O)c1ccccc1O,BRD-K80800852,0.3211009174311927,CCOc1ccc2ccccc2c1C(=O)N[C@@H]1C(=O)N2[C@@H](C(=O)O)C(C)(C)S[C@H]12,NAFCILLIN,MolPort,0.7116298043727874,0.0201904090999478,,,,,,110,107
CC1=CC(NC(=O)C2=C(N)N=C(NC3=CC=C(F)C(Cl)=C3)S2)=NO1,0.4653808110781404,C=C(NC(=O)C(=C)NC(=O)c1csc(C2=NC3c4csc(n4)C4NC(=O)c5csc(n5)C(C(C)(O)C(C)O)NC(=O)C5CSC(=N5)C(=CC)NC(=O)C(C(C)O)NC(=O)c5csc(n5)C3(CC2)NC(=O)C(C)NC(=O)C(=C)NC(=O)C(C)NC(=O)C(C(C)CC)NC2C=Cc3c(C(C)O)cc(nc3C2O)C(=O)OC4C)n1)C(N)=O,THIOSTREPTON,0.4615384615384615,C[C@@H]1O[C@H](C)CN2c3c(cc4c(N5C(=O)OC[C@@H]5C)noc4c3F)CC3(C(=O)NC(=O)NC3=O)[C@@H]12,ZOLIFLODACIN,MolPort,0.6377080652117729,0.0214393233511741,,,,,,418,108
Cl.Cl.C(CSC1=NC2=CC=CC=C2N1)NC1C2CC3CC(C2)CC1C3,0.3051881993896236,COc1ccnc(CS(=O)c2nc3cc(OC(F)F)ccc3[nH]2)c1OC,PANTOPRAZOLE,0.3068669527896995,Cc1c(OCC(F)(F)F)ccnc1C[S+]([O-])c1nc2ccccc2[nH]1,LANSOPRAZOLE,MolPort,0.5941747215390205,0.0267168857380518,,,,,,783,109
OC1=C2N=CC=CC2=C(CNC2=CC(Cl)=C(Cl)C=C2)C=C1,0.4089012517385257,Oc1ccc(c2cccnc12)Cl,BRD-K46982791,0.3474462365591398,CC[C@@H]1CCN(c2c(F)cc3c(=O)c(C(=O)O)cn(C4CC4)c3c2OC)C1,,MolPort,0.7132616627216339,0.0102004628102438,,,,,,108,11
Cl.COC1=CC(CNCCSC2=NN=NN2C)=CC=C1OCC1=CC=C(Cl)C(Cl)=C1,0.4180790960451977,COc1cc(CNC(=O)CCCCC=CC(C)C)ccc1O,CAPSAICIN,0.3339682539682539,CCN1CCN(C(=O)N[C@@H](C(=O)N[C@@H]2C(=O)N3C(C(=O)O)=C(CSc4nnnn4C)CS[C@H]23)c2ccc(O)cc2)C(=O)C1=O,CEFOPERAZONE,MolPort,0.6092632991075516,0.0092993766880994,,,,,,642,110
O=C1C(Cl)=C(NCc2ccccc2)C(=O)N1c1ccc(Cl)c(Cl)c1,0.4564025909317389,C=C(NC(=O)C(=C)NC(=O)c1csc(C2=NC3c4csc(n4)C4NC(=O)c5csc(n5)C(C(C)(O)C(C)O)NC(=O)C5CSC(=N5)C(=CC)NC(=O)C(C(C)O)NC(=O)c5csc(n5)C3(CC2)NC(=O)C(C)NC(=O)C(=C)NC(=O)C(C)NC(=O)C(C(C)CC)NC2C=Cc3c(C(C)O)cc(nc3C2O)C(=O)OC4C)n1)C(N)=O,THIOSTREPTON,0.4536199095022624,NC1Cc2ccc(c(Cl)c2)Oc2cc3cc(c2O)Oc2ccc(cc2Cl)C(O)C2NC(=O)C(NC(=O)C3NC(=O)C(c3cc(O)cc(Oc4cc(C5NC(=S)N(c6ccccc6)C5=O)ccc4O)c3)NC1=O)c1ccc(O)c(c1)-c1c(O)cc(O)cc1[C@H](C(=O)O)NC2=O,,ChemBridge Core,0.6338083291053772,0.01387601771148,,,,,,442,111
FC1=CC=C(NC(=O)C2=CN(CC3=CC=C(C=C3)C(F)(F)F)C(=O)C=C2)C=C1Cl,0.4063556457065584,CCN1C=C(C(=O)O)C(=O)c2cc(c(cc21)N1CCN(CC1)C(=S)Nc1cc(ccc1Cl)C(F)(F)F)F,BRD-K36990484,0.4056224899598393,CO[C@@H]1[C@@H](OC(=O)c2ccc(C)[nH]2)[C@@H](O)[C@@H](Oc2ccc3c([O-])c(NC(=O)c4c[nH]c(C(=O)Nc5c(O)c6ccc(O[C@H]7OC(C)(C)[C@H](OC)[C@@H](OC(=O)c8ccc(C)[nH]8)[C@H]7O)c(C)c6oc5=O)c4C)c(=O)oc3c2C)OC1(C)C.[Na+],COUMERMYCIN SODIUM,MolPort,0.5794978594779968,0.0180592961034511,,,,,,950,112
S=C(NC(C=C1)=CC(Cl)=C1Cl)NCC2=CC=C(C=C2)C3=CSN=N3,0.4553191489361702,[O-][N+](=O)c1ccc(cc1)NC(=S)NCc1ccc(c(c1)Cl)Cl,BRD-K06741946-001-01-3,0.3150442477876106,NC1Cc2ccc(c(Cl)c2)Oc2cc3cc(c2O)Oc2ccc(cc2Cl)C(O)C2NC(=O)C(NC(=O)C3NC(=O)C(c3cc(O)cc(Oc4cc(C5NC(=S)N(c6ccccc6)C5=O)ccc4O)c3)NC1=O)c1ccc(O)c(c1)-c1c(O)cc(O)cc1[C@H](C(=O)O)NC2=O,,MayBridge,0.6749470609426499,0.0180854242052236,,,,,,226,113
ClC1=CC=C(CNC(=O)C2=CSC(NC(=O)C3=CC(Cl)=C(Cl)C=C3)=N2)C=N1,0.46403242147923,[O-][N+](=O)c1cnc(s1)NC(=O)c1cccc(c1)Cl,BRD-K92141162-001-01-8,0.4095490716180371,CN[C@H](CC(C)C)C(=O)N[C@H]1C(=O)N[C@@H](CC(N)=O)C(=O)N[C@H]2C(=O)N[C@H]3C(=O)N[C@H](C(=O)N[C@H](C(=O)O)c4cc(O)cc(O)c4-c4cc3ccc4O)[C@H](O[C@H]3C[C@](C)(N)[C@@H](O)[C@H](C)O3)c3ccc(c(Cl)c3)Oc3cc2cc(c3O[C@@H]2O[C@H](CO)[C@@H](O)[C@H](O)[C@H]2O[C@H]2C[C@](C)(NCc3ccc(-c4ccc(Cl)cc4)cc3)[C@@H](O)[C@H](C)O2)Oc2ccc(cc2Cl)[C@H]1O,ORITAVANCIN,MolPort,0.6488805431127548,0.0171697836929513,,,,,,354,114
CN1C(C)=CC(=O)C(O)=C1CN1CCN(CC1)C1=CC(Cl)=C(Cl)C=C1,0.4331713244228432,COc1ccc2c3c([nH]c2c1)[C@H](CO)N(C[C@]13CCN(CC1)Cc1ccc(cc1)F)C(=O)Nc1ccc(cc1)F,BRD-K34226242,0.4425319267073848,CC1=C\[C@@H](O)CC(=O)Cc2nc(co2)C(=O)N2CCC=C2C(=O)O[C@H](C(C)C)[C@H](C)/C=C/C(=O)NC\C=C\1.CC[C@H]1NC(=O)[C@@H](NC(=O)c2ncccc2O)[C@@H](C)OC(=O)[C@H](c2ccccc2)NC(=O)[C@@H]2CC(=O)CCN2C(=O)[C@H](Cc2ccc(N(C)C)cc2)N(C)C(=O)[C@@H]2CCCN2C1=O,MIKAMYCIN,MolPort,0.699936648607254,0.0181317516985077,,,,,,133,115
ClC1=CC=C(CN2CCCSC2=S)C=C1Cl,0.3790186125211506,S=C1SCN(Cc2ccccc2)CN1Cc1ccccc1,SULBENTINE,0.3054989816700611,CCCCCCCCCCCCC[N+](C)(C)Cc1ccccc1,BENZALKONIUM,MolPort,0.7311116433143616,0.0259581433720833,,,,,,79,116
OC1=CC=CC(NC2=NC3=NON=C3N=C2NC2=CC(Cl)=CC=C2Cl)=C1,0.3945163747143945,CC(C)(O)CC(=O)NCCn1ccc2ncnc(c12)Nc1ccc(c(c1)Cl)Oc1cccc(c1)C(F)(F)F,BRD-K80343549,0.3472436888201958,CO[C@H]1/C=C/O[C@@]2(C)Oc3c(C)c(O)c4c(=O)c(c5oc6cc(N7CCN(CC(C)C)CC7)cc(O)c6nc-5c4c3C2=O)NC(=O)/C(C)=C\C=C\[C@H](C)[C@H](O)[C@@H](C)[C@@H](O)[C@@H](C)[C@H](OC(C)=O)[C@@H]1C,RIFALAZIL,MolPort,0.5812696433067321,0.018507660374392,,,,,,924,117
ClC1=CC=C(C=C1)S(=O)(=O)CCC(=O)C1=CC(Cl)=C(Cl)C=C1,0.370913190529876,NC[C@@H](c1cccnc1)S(=O)(=O)c1ccc(cc1)Cl,BRD-A33561509,0.2765726681127983,C=C1c2c(Cl)ccc(O)c2C(=O)C2=C(O)[C@]3(O)C(=O)C(C(N)=O)=C(O)[C@@H](N(C)C)[C@@H]3[C@@H](O)[C@H]12.O=C(O)c1cc(S(=O)(=O)O)ccc1O,MECLOCYCLINE SULFOSALICYLATE,MolPort,0.6514351886510849,0.0254181071170397,,,,,,336,118
Cl.Cl.N[C@@H](CC1=CNC=N1)C(=O)N1CCN(CC1)C1=CC(Cl)=C(Cl)C=C1,0.3890608875128999,COc1ccc(cc1)N1C(=O)C[C@H](N2CCCN(CC2)[C@@H]2CC(=O)N(C2=O)c2ccc(cc2)OC)C1=O,BRD-A80213576,0.3844375963020031,CC[C@H](C)[C@H](N)C1=N[C@H](C(=O)N[C@@H](CC(C)C)C(=O)N[C@H](CCC(=O)O)C(=O)N[C@H](C(=O)N[C@H]2CCCCNC(=O)[C@H](CC(N)=O)NC(=O)[C@@H](CC(=O)O)NC(=O)[C@H](Cc3cnc[nH]3)NC(=O)[C@@H](Cc3ccccc3)NC(=O)[C@H]([C@@H](C)CC)NC(=O)[C@@H](CCCN)NC2=O)[C@@H](C)CC)CS1,BACITRACIN,MolPort,0.6907959249615669,0.0193969552340987,,,,,,161,119
ClC1=CC=C(CSC2=CS(=O)(=O)C3=C(N2)C=CC=C3)C=C1Cl,0.3862433862433862,CN1C(=O)[C@]23C[C@]4([C@@H](Nc5ccccc54)N3C(=O)[C@@]1(CO)SS2)[C@@]12C[C@]34SS[C@@](CO)(N(C)C4=O)C(=O)N3[C@@H]1Nc1ccccc12,BRD-A85860691,0.3822927328556806,CO[C@H]1/C=C/O[C@@]2(C)Oc3c(C)c(O)c4c(=O)c(c5oc6cc(N7CCN(CC(C)C)CC7)cc(O)c6nc-5c4c3C2=O)NC(=O)/C(C)=C\C=C\[C@H](C)[C@H](O)[C@@H](C)[C@@H](O)[C@@H](C)[C@H](OC(C)=O)[C@@H]1C,RIFALAZIL,MolPort,0.7514714246988297,0.0129469675755353,,,,,,47,12
COC1=CC=C(NC(=S)N2CCC(CC2)N(C)C2CCCCC2)C=C1Cl,0.3698366954851104,O[C@@H]1COC[C@@H]2O[C@@H](CC[C@H]2N(C1)C(=O)Nc1cccc(c1)Cl)CC(=O)NCCCN1CCOCC1,BRD-K51570272,0.2979041916167664,N=C(NCCCCCCNC(=N)NC(=N)Nc1ccc(Cl)cc1)NC(=N)Nc1ccc(Cl)cc1,CHLORHEXIDINE,MolPort,0.6504897302389145,0.0386256926112544,,,,,,341,120
OC1=C(Cl)C=C(NC(=O)C2=CC=C(Br)O2)C=C1Cl,0.4389086595492289,[O-][N+](=O)c1ccc(o1)C(=O)Nc1ccccc1Br,BRD-K77597861-001-01-4,0.2996138996138996,CC(C)=CCC/C(C)=C/CC/C(C)=C/CN1C(=O)c2cccc(O)c2Nc2c(O)cc(O)cc21,DIAZEPINOMICIN,MolPort,0.6633466130495071,0.0132985110170217,,,,,,276,121
CC1(C)CC(NC(=S)Nc2ccc(Cl)c(Cl)c2)CC(C)(C)N1,0.3864915572232645,Clc1ccc(cc1)NC(=O)Nc1ccc(c(c1)Cl)Cl,BRD-K25029121,0.3205980066445182,N=C(NCCCCCCNC(=N)NC(=N)Nc1ccc(Cl)cc1)NC(=N)Nc1ccc(Cl)cc1,CHLORHEXIDINE,ChemBridge Core,0.7080893111228943,0.0214330360225897,,,,,,117,122
Cl.Cl.COC1=C(OCC2=CC(Cl)=C(Cl)C=C2)C=CC(CNCCN2CCOCC2)=C1,0.4954954954954955,COc1cc(C(=S)N2CCOCC2)ccc1O,VANITIOLIDE,0.331043956043956,CC(C)(C)CC(C)(C)c1ccc(OCCOCC[N+](C)(C)Cc2ccccc2)cc1,BENZETHONIUM,MolPort,0.7187432616949081,0.0128871628887166,,,,,,97,123
ClC1=CC(Cl)=C(COC2=CC(CNCCCN3C=CN=C3)=CC=C2)C=C1,0.3734939759036144,COc1cc(CNC(=O)CCCCC=CC(C)C)ccc1O,CAPSAICIN,0.3069207622868606,Cc1ncc([N+](=O)[O-])n1CCOC(c1ccccc1)c1cc(Cl)cc(Cl)c1,,MolPort,0.6031763857603073,0.0259578340084176,,,,,,691,124
[O-]C1=C(Cl)C=C2C(C[NH+]3CCN(CC3)C3=CC(Cl)=CC=C3)=CC(=O)OC2=C1,0.4273927392739274,CO[C@@H]1[C@@H](OC(=O)c2ccc([nH]2)C)[C@@H](O)[C@H](CC1(C)C)Oc1ccc2c(c1C)OC(=O)[C@@H](C2)NC(=O)c1[nH]cc(c1C)CC(=O)NC1=Cc2ccc(c(c2OC1=O)C)O[C@@H]1OC(C)(C)[C@H](OC)[C@@H](OC(=O)c2ccc([nH]2)C)[C@H]1O,BRD-A20863183,0.42162471395881,NC1Cc2ccc(c(Cl)c2)Oc2cc3cc(c2O)Oc2ccc(cc2Cl)C(O)C2NC(=O)C(NC(=O)C3NC(=O)C(c3cc(O)cc(Oc4cc(C5NC(=S)N(c6ccccc6)C5=O)ccc4O)c3)NC1=O)c1ccc(O)c(c1)-c1c(O)cc(O)cc1[C@H](C(=O)O)NC2=O,,MolPort,0.6936290264129639,0.0139716349243863,,,,,,153,125
NC1=CC(Cl)=CC=C1N1CCN(CC1)C1=CC=C(Cl)C=C1N,0.4601063829787234,Oc1ccc(cc1)N1CCNCC1,BRD-K04810127,0.2834645669291338,N=C(NCCCCCCNC(=N)NC(=N)Nc1ccc(Cl)cc1)NC(=N)Nc1ccc(Cl)cc1,CHLORHEXIDINE,MolPort,0.7565230906009675,0.0236214319511393,,,,,,42,126
OC(=O)C(O)=O.CN1C(NCC2=CC=C(Cl)C(Cl)=C2)=NC=C1C1=CC(C)=C(C)C=C1,0.4354450681635926,[Cl-].Cc1ccc(cc1)-c1cn(Cc2ccc(Cl)c(Cl)c2)c2CCC[n+]12,MP21,0.3775757575757575,NC1C(=O)NC2Cc3ccc(c(Cl)c3)Oc3cc4cc(c3O)Oc3ccc(cc3Cl)C(O)C3NC(=O)C(NC(=O)C4NC(=O)C(NC2=O)c2cc(O)cc(c2)Oc2cc1ccc2O)c1ccc(O)c(c1)-c1c(cc(O)c(CNC2C4CC5CC(C4)CC2C5)c1O)[C@H](C(=O)NC1C2CC4CC(C2)CC1C4)NC3=O,,MolPort,0.6848400151729583,0.0138204676333366,,,,,,182,127
OC(=O)CC(CC1=CC=C(Cl)C=C1)C(=O)NC1=CC=C(Cl)C(Cl)=C1,0.4358322744599746,Cc1cc(c(c(c1)Cl)NC(=O)[C@@H](N)Cc1ccccc1)C,BRD-K65381377,0.3219666931007137,C=CCNc1c(O)cc2c(O)c1C[C@@H](C)C[C@H](OC)[C@H](O)[C@@H](C)/C=C(\C)[C@H](OC(N)=O)[C@@H](OC)/C=C\C=C(/C)C(=O)N2,RETASPIMYCIN,MolPort,0.5913527870178222,0.0213523859080673,,,,,,815,128
NC1CC(C1)C1=NC=NC(=C1)N1CCN(CC1)C1=CC(Cl)=C(Cl)C=C1,0.3618564176939811,CCn1cc(C(=O)O)c(=O)c2cc(F)c(N3CCNCC3)nc21,ENOXACIN,0.3618564176939811,CCn1cc(C(=O)O)c(=O)c2cc(F)c(N3CCNCC3)nc21,ENOXACIN,MolPort,0.6320769476890564,0.0223950420018144,,,,,,457,129
[O-][N+]1=C(C(=O)NC2=CC=C(Cl)C(Cl)=C2)C(=NO1)C(=O)NC1=CC=C(Cl)C(Cl)=C1,0.3621621621621622,COc1ccc(cc1)[Si](C)(C)[C@@H]1[C@@H](C)[C@]2(O[C@H]1CCOC(=O)NCCCCCC(=O)NO)C(=O)N(Cc1ccccc1)c1ccc(cc12)NC(=O)[C@@H](C)OC(=O)NCCCCCC(=O)NO,BRD-K51200005,0.3575476558475013,CN(C)[C@@H]1C(O)=C(C(=O)NCN[C@@H](C(=O)N[C@@H]2C(=O)N3[C@@H](C(=O)O)C(C)(C)S[C@H]23)c2ccccc2)C(=O)[C@@]2(O)C(O)=C3C(=O)c4c(O)cccc4[C@@](C)(O)[C@H]3C[C@@H]12,PENIMOCYCLINE,MolPort,0.7739839130640029,0.0135059613819037,,,,,,30,13
CN(N1C(=O)C=CC1=O)C1=NC=C(C=C1Cl)C(F)(F)F,0.4021901443504231,C=C(NC(=O)C(=C)NC(=O)c1csc(C2=NC3c4csc(n4)C4NC(=O)c5csc(n5)C(C(C)(O)C(C)O)NC(=O)C5CSC(=N5)C(=CC)NC(=O)C(C(C)O)NC(=O)c5csc(n5)C3(CC2)NC(=O)C(C)NC(=O)C(=C)NC(=O)C(C)NC(=O)C(C(C)CC)NC2C=Cc3c(C(C)O)cc(nc3C2O)C(=O)OC4C)n1)C(N)=O,THIOSTREPTON,0.399364406779661,C=C1c2c(Cl)ccc(O)c2C(=O)C2=C(O)[C@]3(O)C(=O)C(C(N)=O)=C(O)[C@@H](N(C)C)[C@@H]3[C@@H](O)[C@H]12.O=C(O)c1cc(S(=O)(=O)O)ccc1O,MECLOCYCLINE SULFOSALICYLATE,MolPort,0.6822504886984825,0.0592418442306412,,,,,,189,130
IC1=CC2=C(C=C1I)N1CCN2CC1,0.4094117647058823,Oc1ccc(cc1)N1CCNCC1,BRD-K04810127,0.2647702407002188,CC(=O)NC[C@H]1CN(C(=O)O1)C2=CC(=C(C=C2)N3CCN(CC3)C(=O)CO)F,EPEREZOLID,MolPort,0.6827271547913552,0.0553159022323116,,,,,,186,131
ON1N(C(=O)NC2=CC(Cl)=C(Cl)C=C12)C1=CC(Cl)=CC=C1,0.4365987071108901,C=C(NC(=O)C(=C)NC(=O)c1csc(C2=NC3c4csc(n4)C4NC(=O)c5csc(n5)C(C(C)(O)C(C)O)NC(=O)C5CSC(=N5)C(=CC)NC(=O)C(C(C)O)NC(=O)c5csc(n5)C3(CC2)NC(=O)C(C)NC(=O)C(=C)NC(=O)C(C)NC(=O)C(C(C)CC)NC2C=Cc3c(C(C)O)cc(nc3C2O)C(=O)OC4C)n1)C(N)=O,THIOSTREPTON,0.4264550264550265,CN[C@H]1C(=O)N[C@@H]2Cc3ccc(cc3)Oc3cc4cc(c3O[C@@H]3O[C@H](C(=O)O)[C@@H](O)[C@H](O)[C@H]3NC(=O)CCCCCCCCC(C)C)Oc3ccc(cc3Cl)[C@@H](O)[C@@H]3NC(=O)[C@H](NC(=O)[C@@H]4NC(=O)[C@@H](NC2=O)c2cc(cc(O)c2Cl)Oc2cc1ccc2O)c1ccc(O)c(c1)-c1c(O[C@H]2O[C@H](CO)[C@@H](O)[C@H](O)[C@@H]2O)cc(O)cc1[C@@H](C(=O)NCCCN(C)C)NC3=O,DALBAVANCIN,MolPort,0.6439788174629212,0.0157108289082654,,,,,,380,132
NN1C(SCC2=CC=C(Cl)C(Cl)=C2)=NN=C1C1=CN=CC=C1,0.3844884488448845,CO[C@H]1/C=C\O[C@@]2(C)Oc3c(c(c4c(c3C2=O)C(=O)/C(=C/NN2CCN(C)CC2)[C@@H](NC(=O)/C(=C\C=C/[C@H](C)[C@H](O)[C@@H](C)[C@@H](O)[C@@H](C)[C@H](OC(=O)C)[C@@H]1C)C)C4=O)O)C,BRD-A46188889-001-01-0,0.3867973182052604,CO[C@H]1/C=C/O[C@@]2(C)Oc3c(C)c(O)c4c(=O)c(c5oc6cc(N7CCN(CC(C)C)CC7)cc(O)c6nc-5c4c3C2=O)NC(=O)/C(C)=C\C=C\[C@H](C)[C@H](O)[C@@H](C)[C@@H](O)[C@@H](C)[C@H](OC(C)=O)[C@@H]1C,RIFALAZIL,MolPort,0.6175176030397416,0.0215755731288666,,,,,,567,133
ClC1=C(NC(C(N2CCOCC2)=S)=O)C=C(C(F)(F)F)C=C1,0.4122807017543859,CC(C)C(=O)Nc1ccc([N+](=O)[O-])c(C(F)(F)F)c1,FLUTAMIDE,0.3477537437603993,N=C(N)NCCCCC(=O)Nc1cc(C(F)(F)F)cc(NC(=O)c2cc(C(=O)Nc3cc(C(F)(F)F)cc(NC(=O)CCCCNC(=N)N)c3O[C@@H]3CCNC3)ncn2)c1O[C@@H]1CCNC1,BRILACIDIN,MayBridge,0.6144293135404587,0.0408199191605523,,,,,,597,134
CN(C)[C@H]1C[C@H]2C[C@@H](N(C)C(=O)c3ccc(N4CCCC4)c(Cl)c3)C[C@H]2C1,0.4176570458404074,C[C@H]1CN([C@@H](C)CO)C(=O)CCCn2cc(nn2)CO[C@@H]1CN(C)C(=O)c1ccc(cc1)N1CCN(C)CC1,BRD-K02811477,0.3586550435865504,CC[C@H]1NC(=O)[C@@H](NC(=O)c2ncccc2O)[C@@H](C)OC(=O)[C@H](c2ccccc2)NC(=O)[C@@H]2CC(=O)[C@H](CS[C@@H]3CN4CCC3CC4)CN2C(=O)[C@H](Cc2ccc(N(C)C)cc2)N(C)C(=O)[C@@H]2CCCN2C1=O,QUINUPRISTIN,ChemBridge Express,0.5910459168255329,0.0904421944241527,,,,,,819,135
O=C(NC(=S)Nc1ccc(F)c(Cl)c1)c1ccc(Cl)cc1Cl,0.4523809523809524,[O-][N+](=O)c1ccc(cc1)NC(=S)NCc1ccc(c(c1)Cl)Cl,BRD-K06741946-001-01-3,0.3076474022183304,NC1Cc2ccc(c(Cl)c2)Oc2cc3cc(c2O)Oc2ccc(cc2Cl)C(O)C2NC(=O)C(NC(=O)C3NC(=O)C(c3cc(O)cc(Oc4cc(C5NC(=S)N(c6ccccc6)C5=O)ccc4O)c3)NC1=O)c1ccc(O)c(c1)-c1c(O)cc(O)cc1[C@H](C(=O)O)NC2=O,,ChemBridge Core,0.6025564280152321,0.0181417593313439,,,,,,698,136
OC1=C(C=C(I)C=C1I)C(=O)NCC1=CC=C(Cl)C(Cl)=C1,0.4598168870803662,Cc1cc(c(cc1NC(=O)c1cc(cc(c1O)I)I)Cl)[C@@H](C#N)c1ccc(cc1)Cl,BRD-K01825680,0.290852228303362,CC(C)=CCC/C(C)=C/CC/C(C)=C/CN1C(=O)c2cccc(O)c2Nc2c(O)cc(O)cc21,DIAZEPINOMICIN,MolPort,0.7219200599193573,0.0095786969496936,,,,,,91,137
Nc1ccc(C23CC4CC(C2)CC(c2ccc(N)cc2)(C4)C3)cc1,0.3806896551724137,OC(=O)c1ccc2cc(ccc2c1)-c1ccc(c(c1)C12CC3CC(CC(C3)C2)C1)O,BRD-K28907958,0.3430034129692833,CC(C)(C)CC(C)(C)c1ccc(OCCOCC[N+](C)(C)Cc2ccccc2)cc1,BENZETHONIUM,ChemBridge Core,0.6745270881056785,0.0478815626808426,,,,,,228,138
FC1=C(Cl)C=C(C=C1)S(=O)(=O)C1=CNC2=CC(Cl)=C(F)C=C2C1=O,0.4605263157894737,CN1CCN(c2c(F)cc3c(=O)c(C(=O)O)cn4c3c2SCC4)CC1,RUFLOXACIN HYDROCHLORIDE,0.4605263157894737,CN1CCN(c2c(F)cc3c(=O)c(C(=O)O)cn4c3c2SCC4)CC1,RUFLOXACIN,MolPort,0.6989345633983612,0.0141438420377214,,,,,,135,139
ClC1=C(N2CCOCC2)C(=O)N(C1=O)C1=C(C=CC=C1)N1C(=O)C(Cl)=C(N2CCOCC2)C1=O,0.4818678589170392,C=C(NC(=O)C(=C)NC(=O)c1csc(C2=NC3c4csc(n4)C4NC(=O)c5csc(n5)C(C(C)(O)C(C)O)NC(=O)C5CSC(=N5)C(=CC)NC(=O)C(C(C)O)NC(=O)c5csc(n5)C3(CC2)NC(=O)C(C)NC(=O)C(=C)NC(=O)C(C)NC(=O)C(C(C)CC)NC2C=Cc3c(C(C)O)cc(nc3C2O)C(=O)OC4C)n1)C(N)=O,THIOSTREPTON,0.4767501277465508,CN(C)[C@@H]1C(O)=C(C(=O)NCN[C@@H](C(=O)N[C@@H]2C(=O)N3[C@@H](C(=O)O)C(C)(C)S[C@H]23)c2ccccc2)C(=O)[C@@]2(O)C(O)=C3C(=O)c4c(O)cccc4[C@@](C)(O)[C@H]3C[C@@H]12,PENIMOCYCLINE,MolPort,0.7477433770895004,0.0533720130074701,,,,,,55,14
OC(=O)C1=C(NC(=O)C2=CC=C(Cl)C=C2)C=CC(=C1)N1CCN(CC1)C1=C(F)C=CC=C1,0.4359861591695502,Cc1cc(c(cc1NC(=O)c1cc(cc(c1O)I)I)Cl)[C@@H](C#N)c1ccc(cc1)Cl,BRD-K01825680,0.4324772162386081,CCN1CC(C(=O)O)C(=O)c2cc(F)c(N3CCNCC3)cc21,,MolPort,0.5690894827246666,0.0294054755275304,,,,,,1105,140
C=CC(=O)O[Cu]OC(=O)C=C,0.1636363636363636,CC(=O)O[PbH2]OC(C)=O,LEAD ACETATE,0.0842696629213483,N[C@@H]1CONC1=O,CYCLOSERINE,MolPort,0.6681936194389709,0.1199835763403665,,,,,,248,141
ClC1=C(Cl)C=C(C=C1)N1CCN(CC1)C(=S)NC1CCCCC1,0.3416506717850288,Oc1ccc(cc1)N1CCNCC1,BRD-K04810127,0.3083197389885807,N=C(NCCCCCCNC(=N)NC(=N)Nc1ccc(Cl)cc1)NC(=N)Nc1ccc(Cl)cc1,CHLORHEXIDINE,MolPort,0.7500962555408478,0.0189458004505268,,,,,,51,142
NC(=O)C1=CC(=CC=C1Cl)N1C(=O)C=CC1=O,0.4991789819376026,Oc1ccc(cc1)N1C(=O)C=CC1=O,BRD-K70834168,0.3275726630007855,CC(C)=CCC/C(C)=C/CC/C(C)=C/CN1C(=O)c2cccc(O)c2Nc2c(O)cc(O)cc21,DIAZEPINOMICIN,MolPort,0.6951014599204064,0.0416216545236613,,,,,,146,143
CC(CCC1=CC=C(O)C=C1)NCC1=CC(Cl)=C(Cl)C=C1,0.3800350262697022,CC(C)(C)CC(C)(C)c1ccc(OCCOCC[N+](C)(C)Cc2ccccc2)cc1.[Cl-],BENZETHONIUM CHLORIDE,0.3800350262697022,CC(C)(C)CC(C)(C)c1ccc(OCCOCC[N+](C)(C)Cc2ccccc2)cc1,BENZETHONIUM,MolPort,0.6761826884746551,0.0138190545915646,,,,,,219,144
ClC1=CC=C(CNC2=C(N3CCN(CC3)C3=CC(Cl)=CC=C3)C(=O)C2=O)C=C1,0.3301823092505064,CC[C@@H](C)N1N=CN(C1=O)c1ccc(cc1)N1CCN(CC1)c1ccc(cc1)OC[C@H]1CO[C@@](Cn2cncn2)(O1)c1ccc(cc1Cl)Cl,BRD-A34817987,0.3268356075373619,COc1c(N2CCNC(C)C2)c(F)cc2c(=O)c(C(=O)O)cn(C3CC3)c12,GATIFLOXACIN,MolPort,0.6703273811936379,0.0327487352484789,,,,,,241,145
ClC1=CC=C(C=C1)S(=O)(=O)OC1=CC=C(Cl)C(Cl)=C1,0.3220338983050847,Cc1ccc(cc1)S(=O)(=O)Oc1ccc(cc1)/N=N/c1ccc(cc1C)-c1ccc(c(c1)C)/N=N/c1c(ccc2cc(cc(c12)S(=O)(=O)O)S(=O)(=O)O)O,BRD-K53997799,0.2478753541076487,Oc1c(Cl)cc(Cl)c(Cl)c1Cc1c(O)c(Cl)cc(Cl)c1Cl,HEXACHLOROPHENE,MolPort,0.6895618212223052,0.0119543735611389,,,,,,164,146
ClC1=CC=CC(=C1)N1CCN(CC1)C1=C(Cl)C(=O)N(N=C1)C12CC3CC(CC(C3)C1)C2,0.4714356681569796,C=C(NC(=O)C(=C)NC(=O)c1csc(C2=NC3c4csc(n4)C4NC(=O)c5csc(n5)C(C(C)(O)C(C)O)NC(=O)C5CSC(=N5)C(=CC)NC(=O)C(C(C)O)NC(=O)c5csc(n5)C3(CC2)NC(=O)C(C)NC(=O)C(=C)NC(=O)C(C)NC(=O)C(C(C)CC)NC2C=Cc3c(C(C)O)cc(nc3C2O)C(=O)OC4C)n1)C(N)=O,THIOSTREPTON,0.4630290668026517,CN(C)[C@@H]1C(O)=C(C(=O)NCN[C@@H](C(=O)N[C@@H]2C(=O)N3[C@@H](C(=O)O)C(C)(C)S[C@H]23)c2ccccc2)C(=O)[C@@]2(O)C(O)=C3C(=O)c4c(O)cccc4[C@@](C)(O)[C@H]3C[C@@H]12,PENIMOCYCLINE,MolPort,0.7213738059997559,0.0322459342667968,,,,,,93,147
ClC1=CC=C2OC(=O)C(=CC2=C1)S(=O)(=O)C1=CC(Cl)=C(Cl)C=C1,0.3972344437460716,COc1oc(c(c1S(=O)(=O)c1ccccc1Cl)-c1ccc(cc1)Cl)C(=O)NC1CCCCC1,BRD-K39862583,0.3882415254237288,CC(=O)N[C@@H]1[C@H](OC2c3ccc(c(Cl)c3)Oc3cc4cc(c3O[C@@H]3O[C@@H](CO)[C@@H](O)[C@H](O)[C@@H]3NC(=O)CCCCCCC(C)C)Oc3ccc(cc3Cl)C(O)C3NC(=O)C(N)c5ccc(O)c(c5)Oc5cc(O)cc(c5)C(NC3=O)C(=O)NC4C(=O)NC3C(=O)NC2C(=O)N[C@@H](C(=O)O)c2cc(O)cc(O[C@H]4O[C@H](CO)[C@@H](O)[C@@H](O)[C@@H]4O)c2-c2cc3ccc2O)O[C@@H](CO)[C@@H](O)[C@@H]1O,,MolPort,0.5888562765717507,0.0133476249868742,,,,,,834,148
CN1C(=O)C(NC2=C(Cl)C(Cl)=CC=C2)=NN=C1SCC1=CC=CS1,0.458560794044665,C=C(NC(=O)C(=C)NC(=O)c1csc(C2=NC3c4csc(n4)C4NC(=O)c5csc(n5)C(C(C)(O)C(C)O)NC(=O)C5CSC(=N5)C(=CC)NC(=O)C(C(C)O)NC(=O)c5csc(n5)C3(CC2)NC(=O)C(C)NC(=O)C(=C)NC(=O)C(C)NC(=O)C(C(C)CC)NC2C=Cc3c(C(C)O)cc(nc3C2O)C(=O)OC4C)n1)C(N)=O,THIOSTREPTON,0.4551478083588175,CNC(=O)C[C@@H]1NC(=O)c2csc(n2)-c2ccc(-c3nc(C4=N[C@H](C(=O)N5CCC[C@H]5C(N)=O)CO4)cs3)nc2-c2csc(n2)-c2csc(n2)C(C(O)c2ccccc2)NC(=O)CNC(=O)c2nc(sc2COC)[C@H](C(C)C)NC(=O)c2nc1sc2C,,MolPort,0.5609909424185753,0.0296061606039487,,,,,,1228,149
ClC1=CC(=CC(Cl)=C1)S(=O)(=O)C1=C(N2CCOCC2)C2=CC=C(C=C2N=C1)N1CCOCC1,0.4961286480047647,COc1oc(c(c1S(=O)(=O)c1ccccc1NC(=O)C)-c1ccc(cc1)Cl)C(=O)NC1CCCCC1,BRD-K04411634,0.4941466420209489,CN1CCN(c2c(F)cc3c(=O)c(C(=O)O)cn4c3c2SCC4)CC1,RUFLOXACIN,MolPort,0.6061493150889874,0.0532421658738971,,,,,,663,15
Cl.Cl.CCOC1=C(CNCC2CCNCC2)C=C(Cl)C=C1Cl,0.4614624505928854,COc1ccccc1[C@@H](NC(=O)C1CCN(CCOc2ccc(cc2Cl)Cl)CC1)c1ccccn1,BRD-A34368293,0.3292847503373819,Oc1c(Cl)cc(Cl)c(Cl)c1Cc1c(O)c(Cl)cc(Cl)c1Cl,HEXACHLOROPHENE,MolPort,0.693811622262001,0.0189710035478145,,,,,,150,150
CCC1CCCC[NH+]1CC1=C2OC(=O)C=C(CC)C2=CC(Cl)=C1[O-],0.4967532467532468,CO[C@@H]1[C@@H](OC(=O)c2ccc([nH]2)C)[C@@H](O)[C@H](CC1(C)C)Oc1ccc2c(c1C)OC(=O)[C@@H](C2)NC(=O)c1[nH]cc(c1C)CC(=O)NC1=Cc2ccc(c(c2OC1=O)C)O[C@@H]1OC(C)(C)[C@H](OC)[C@@H](OC(=O)c2ccc([nH]2)C)[C@H]1O,BRD-A20863183,0.4952025586353945,CCCCc1ccc(CNC2C(Oc3c4cc5cc3Oc3ccc(cc3Cl)C(O)C3NC(=O)C(NC(=O)C5NC(=O)C5NC(=O)C(Cc6ccc(cc6)O4)NC(=O)C(NC)c4ccc(O)c(c4)Oc4cc(O)c(Cl)c5c4)c4ccc(O)c(c4)-c4c(cc(O)c(CN5CCN(Cc6ccc(-c7ccccc7)cc6)CC5)c4O)[C@H](C(=O)NCCCN(C)C)NC3=O)OC(C(=O)NCCCN(C)C)C(O)C2O)cc1,,MolPort,0.5521692675352097,0.0267779450606368,,,,,,1391,151
CC1=CC=CC(N2CCN(CC2)C(=O)NC2=CC=C(Cl)C(Cl)=C2)=C1C,0.390749601275917,Clc1ccc(cc1)NC(=O)Nc1ccc(c(c1)Cl)Cl,BRD-K25029121,0.3602362204724409,CC(=O)NC[C@H]1CN(C(=O)O1)C2=CC(=C(C=C2)N3CCN(CC3)C(=O)CO)F,EPEREZOLID,MolPort,0.6068212562799453,0.0226508062281198,,,,,,660,152
ClC1=C(C(Cl)=CN=C1)N(CC2)CCN2C(NC3=CC=CC(C(F)(F)F)=C3)=O,0.4181547619047619,CCN1C=C(C(=O)O)C(=O)c2cc(c(cc21)N1CCN(CC1)C(=S)Nc1cc(ccc1Cl)C(F)(F)F)F,BRD-K36990484,0.3630790190735695,N[C@@H]1CCCCN(c2c(F)cc3c(=O)c(C(=O)O)cn(C4CC4)c3c2Cl)C1,BESIFLOXACIN,MayBridge,0.7379792433977127,0.0211895673432737,,,,,,69,153
ClC1=C(NC(=O)C2=CC=CO2)C=CC(=C1)N1C(=O)C=CC1=O,0.4428571428571428,Oc1ccc(cc1)N1C(=O)C=CC1=O,BRD-K70834168,0.343609022556391,CC(C)=CCC/C(C)=C/CC/C(C)=C/CN1C(=O)c2cccc(O)c2Nc2c(O)cc(O)cc21,DIAZEPINOMICIN,MolPort,0.6890022927522659,0.0346329647163454,,,,,,168,154
Cl.[2H]C1=C([2H])C([2H])=C(C(CCNC)OC2=CC=C(C=C2)C(F)(F)F)C([2H])=C1[2H],0.404739336492891,Cc1cc(cc(c1-c1ccc(cc1)C(C)(C)C)C)O[C@@H](CCC(F)(F)F)c1ccc(cc1)C(=O)NCCC(=O)O,BRD-K00003302,0.3596638655462185,CN[C@H](CC(C)C)C(=O)N[C@H]1C(=O)N[C@@H](CC(N)=O)C(=O)N[C@H]2C(=O)N[C@H]3C(=O)N[C@H](C(=O)N[C@H](C(=O)O)c4cc(O)cc(O)c4-c4cc3ccc4O)[C@H](O)c3ccc(c(Cl)c3)Oc3cc2cc(c3O[C@@H]2O[C@H](CO)[C@@H](O)[C@H](O)[C@H]2O[C@H]2C[C@](C)(N)[C@H](O)[C@H](C)O2)Oc2ccc(cc2Cl)[C@H]1O,VANCOMYCIN,MolPort,0.6248365008831024,0.0329223892557853,,,,,,514,155
FC1=C(C=CC=C1)N1CCN(CC1)C1=C(C(=O)C1=O)C1=CC2=C(CCCC2)C=C1,0.4484818317570931,C=C(NC(=O)C(=C)NC(=O)c1csc(C2=NC3c4csc(n4)C4NC(=O)c5csc(n5)C(C(C)(O)C(C)O)NC(=O)C5CSC(=N5)C(=CC)NC(=O)C(C(C)O)NC(=O)c5csc(n5)C3(CC2)NC(=O)C(C)NC(=O)C(=C)NC(=O)C(C)NC(=O)C(C(C)CC)NC2C=Cc3c(C(C)O)cc(nc3C2O)C(=O)OC4C)n1)C(N)=O,THIOSTREPTON,0.4478149100257069,CO[C@H]1/C=C/O[C@@]2(C)Oc3c(C)c(O)c4c(=O)c(c5oc6cc(N7CCN(CC(C)C)CC7)cc(O)c6nc-5c4c3C2=O)NC(=O)/C(C)=C\C=C\[C@H](C)[C@H](O)[C@@H](C)[C@@H](O)[C@@H](C)[C@H](OC(C)=O)[C@@H]1C,RIFALAZIL,MolPort,0.6190255323052406,0.0496053989482473,,,,,,550,156
OC1=CC(O)=C(\C=N\C2=CC=C(Cl)C(Cl)=C2)C=C1,0.4747706422018348,O(c1ccccc1)c1ccc(cc1)/C=N/c1ccccc1,BRD-K47055739,0.2762886597938144,CCCCCCc1ccc(O)cc1O,Hexylresorcinol,MolPort,0.6385325902700424,0.0182376346095957,,,,,,415,157
CC(C)C1NC(=O)C(C)OC(=O)C(NC(=O)[C@H](OC(=O)[C@@H](NC(=O)C(C)OC(=O)[C@H](NC(=O)[C@H](OC(=O)C(NC(=O)[C@H](C)OC(=O)[C@H](NC(=O)C(OC1=O)C(C)C)C(C)C)C(C)C)C(C)C)C(C)C)C(C)C)C(C)C)C(C)C,0.410761154855643,CC(=O)N[C@H]1CCCN(O)C(=O)CC(=C)CCOC(=O)[C@H](CCCN(O)C(=O)/C=C(\C)CCOC(=O)[C@@H](CCCN(O)C(=O)/C=C(\C)CCOC1=O)NC(=O)C)NC(=O)C,BRD-A99288259,0.3763102725366876,NCC[C@H](O)C(=O)N[C@@H]1C[C@H](N)[C@@H](O[C@H]2O[C@H](CN)CC[C@H]2N)[C@H](O)[C@H]1O[C@H]1O[C@H](CO)[C@@H](O)[C@H](N)[C@H]1O,ARBEKACIN,MolPort,0.8350175613164902,0.0243680516145212,,,,,,5,158
O=C(COc1cc(Cl)c(Cl)cc1Cl)N1CCN(c2ccccc2F)CC1,0.4635149023638232,CC(=O)NC[C@H]1CN(C(=O)O1)c1ccc(c(c1)F)N1CCN(CC1)C(=O)CO,BRD-K47554101,0.4635149023638232,CC(=O)NC[C@H]1CN(C(=O)O1)C2=CC(=C(C=C2)N3CCN(CC3)C(=O)CO)F,EPEREZOLID,ChemBridge Core,0.6052139061689377,0.0252231787032947,,,,,,673,159
NC1=CN=C(SC2=CC(Cl)=C(Cl)C=C2Cl)C=C1,0.3438485804416404,Nc1ccc(c(c1)Cl)Sc1ccc2ccccc2c1Cl,BRD-K23451248,0.2479750778816199,Cc1oc(=O)oc1CN1CCN(c2cc3c(cc2F)c(=O)c(C(=O)O)c2n3C(C)S2)CC1,PRULIFLOXACIN,MolPort,0.7099506223201751,0.0262352123402691,,,,,,113,16
OC(=O)C1=CN(CC2=CC=C(Cl)C(Cl)=C2)C(=O)C(Cl)=C1,0.3939873417721519,CCn1cc(C(=O)O)c(=O)c2cnc(N3CCNCC3)nc21,PIPEMIDIC ACID,0.3885941644562334,N[C@@H]1CCCCN(c2c(F)cc3c(=O)c(C(=O)O)cn(C4CC4)c3c2Cl)C1,BESIFLOXACIN,MolPort,0.6779776620864868,0.0366614019884537,,,,,,208,160
ClC1=CC(Cl)=C(OCCN2CCCCC2C2=CN=CC=C2)C=C1,0.482824427480916,Clc1ccc(c(c1)Cl)OCCN1CCC(CC1)C(=O)N[C@@H](c1cccnc1)c1ccc2c(c1)OCO2,BRD-A34098665,0.3424807903402854,CCCCc1ccc(CNC2C(Oc3c4cc5cc3Oc3ccc(cc3Cl)C(O)C3NC(=O)C(NC(=O)C5NC(=O)C5NC(=O)C(Cc6ccc(cc6)O4)NC(=O)C(NC)c4ccc(O)c(c4)Oc4cc(O)c(Cl)c5c4)c4ccc(O)c(c4)-c4c(cc(O)c(CN5CCN(Cc6ccc(-c7ccccc7)cc6)CC5)c4O)[C@H](C(=O)O)NC3=O)OC(C(=O)O)C(O)C2O)cc1,,MolPort,0.5826223713159561,0.0226485777942068,,,,,,908,161
Cc1c(Cl)cccc1NC(=S)NCc1ccccc1Cl,0.4877650897226753,[O-][N+](=O)c1ccc(cc1)NC(=S)NCc1ccc(c(c1)Cl)Cl,BRD-K06741946-001-01-3,0.264196054991034,NC1Cc2ccc(c(Cl)c2)Oc2cc3cc(c2O)Oc2ccc(cc2Cl)C(O)C2NC(=O)C(NC(=O)C3NC(=O)C(c3cc(O)cc(Oc4cc(C5NC(=S)N(c6ccccc6)C5=O)ccc4O)c3)NC1=O)c1ccc(O)c(c1)-c1c(O)cc(O)cc1[C@H](C(=O)O)NC2=O,,ChemBridge Core,0.5471739482879638,0.0186773377763588,,,,,,1498,162
ClC1=CC=CC(=C1)N1CCN(CC1)C1=CSC2=CC=C(Cl)C=C2C1=O,0.3560555923229649,Cl.NC1CCN(c2c(F)cc3c(=O)c(C(=O)O)cn(C4CC4)c3c2Cl)C1,CLINAFOXACIN HYDROCHLORIDE,0.354521625163827,N[C@@H]1CCCCN(c2c(F)cc3c(=O)c(C(=O)O)cn(C4CC4)c3c2Cl)C1,BESIFLOXACIN,MolPort,0.7830747365951538,0.0148276246560573,,,,,,24,163
COc1ccc(CCNC(=S)NCc2ccc(Cl)c(Cl)c2)cc1OC,0.4006410256410256,COc1cc(CNC(=O)CCCCC=CC(C)C)ccc1O,CAPSAICIN,0.4377431906614786,C=CCc1ccc(O)c(OC)c1,eugenol,ChemBridge Core,0.7454106545448304,0.0120246505048584,,,,,,58,164
OC1=CC=C(CCNC2=C(N3CCN(CC3)C3=CC(Cl)=CC=C3)C(=O)C2=O)C=C1,0.3400621118012422,CC(C)N1CCN(c2ccc(OCC3COC(Cn4cncn4)(c4ccc(Cl)cc4Cl)O3)cc2)CC1,TERCONAZOLE,0.3335526315789474,COc1c(N2CCNC(C)C2)c(F)cc2c(=O)c(C(=O)O)cn(C3CC3)c12,GATIFLOXACIN,MolPort,0.6210472318530083,0.036936599996755,,,,,,541,165
Cl.Cl.FC1=C(OCCNC2CCC3(CCNCC3)CC2)C=CC=C1,0.3505434782608695,C1CCC(CC1)C(C[C@H]1CCCCN1)C1CCCCC1,BRD-K01825027,0.4383202099737532,CCCCCCCCCCCC[N+](C)(C)CCOc1ccccc1,DOMIPHEN,MolPort,0.6081206709146499,0.0379203771974819,,,,,,646,166
ON1C(=O)C2=CC(Cl)=CC(Cl)=C2N=C1C1=C(Cl)C=C(Cl)C=C1,0.466600692726373,C=C(NC(=O)C(=C)NC(=O)c1csc(C2=NC3c4csc(n4)C4NC(=O)c5csc(n5)C(C(C)(O)C(C)O)NC(=O)C5CSC(=N5)C(=CC)NC(=O)C(C(C)O)NC(=O)c5csc(n5)C3(CC2)NC(=O)C(C)NC(=O)C(=C)NC(=O)C(C)NC(=O)C(C(C)CC)NC2C=Cc3c(C(C)O)cc(nc3C2O)C(=O)OC4C)n1)C(N)=O,THIOSTREPTON,0.4657814096016343,CO[C@H]1/C=C/O[C@@]2(C)Oc3c(C)c(O)c4c(=O)c(c5oc6cc(N7CCN(CC(C)C)CC7)cc(O)c6nc-5c4c3C2=O)NC(=O)/C(C)=C\C=C\[C@H](C)[C@H](O)[C@@H](C)[C@@H](O)[C@@H](C)[C@H](OC(C)=O)[C@@H]1C,RIFALAZIL,MolPort,0.7046535503864289,0.0212856975280391,,,,,,121,167
NC1=C(SC(NC2=CC=C(F)C(Cl)=C2)=N1)C(=O)C1=CC=CC=C1,0.4059405940594059,C=C(NC(=O)C(=C)NC(=O)c1csc(C2=NC3c4csc(n4)C4NC(=O)c5csc(n5)C(C(C)(O)C(C)O)NC(=O)C5CSC(=N5)C(=CC)NC(=O)C(C(C)O)NC(=O)c5csc(n5)C3(CC2)NC(=O)C(C)NC(=O)C(=C)NC(=O)C(C)NC(=O)C(C(C)CC)NC2C=Cc3c(C(C)O)cc(nc3C2O)C(=O)OC4C)n1)C(N)=O,THIOSTREPTON,0.4053224155578301,CO[C@H]1/C=C/O[C@@]2(C)Oc3c(C)c(O)c4c(=O)c(c5oc6cc(N7CCN(CC(C)C)CC7)cc(O)c6nc-5c4c3C2=O)NC(=O)/C(C)=C\C=C\[C@H](C)[C@H](O)[C@@H](C)[C@@H](O)[C@@H](C)[C@H](OC(C)=O)[C@@H]1C,RIFALAZIL,MolPort,0.6313009965419769,0.020962667244187,,,,,,466,168
ClC1=CC=C(C=C1)N1C(=O)C=C(N2CCN(CC2)C2=CC(Cl)=C(Cl)C=C2)C1=O,0.4373776908023483,COc1ccc(cc1)N1C(=O)C[C@H](N2CCCN(CC2)[C@@H]2CC(=O)N(C2=O)c2ccc(cc2)OC)C1=O,BRD-A80213576,0.3835616438356164,C[C@@H](O)[C@H]1C(=O)N2C(C(=O)O)=C(S[C@@H]3CN[C@H](C(=O)Nc4cccc(C(=O)O)c4)C3)[C@H](C)[C@H]12,ERTAPENEM,MolPort,0.8162059074640274,0.0195079065557741,,,,,,8,169
OC1=C(Br)C=C(C=C1Br)C(=S)N1CCCCC1,0.4326465927099842,CN(Cc1cc(Br)cc(Br)c1N)C1CCCCC1.Cl,BROMHEXINE HYDROCHLORIDE,0.3771428571428571,CCCCCCCCCCCC[N+](CCO)(CCO)Cc1ccccc1,BENZOXONIUM,MolPort,0.6671117609739303,0.0293197407949788,,,,,,252,17
ClC1=C(Cl)C=C(C(N2)NC(C=CC=C3)=C3C2=O)C=C1,0.4113300492610837,Clc1ccc(cc1)C(=O)c1cc(ccc1NC(=O)c1cc(ccc1NS(=O)(=O)c1ccc(cc1)Cl)Br)Cl,BRD-K61980874,0.3915708812260536,CC(C)=CCC/C(C)=C/CC/C(C)=C/CN1C(=O)c2cccc(O)c2Nc2c(O)cc(O)cc21,DIAZEPINOMICIN,MayBridge,0.5934185606241226,0.0239658015660648,,,,,,792,170
CCSc1nnc(NC(=O)c2ccc(Cl)c(Cl)c2)s1,0.4221165279429251,[O-][N+](=O)c1cnc(s1)NC(=O)c1cccc(c1)Cl,BRD-K92141162-001-01-8,0.3024017467248908,CN[C@H](CC(C)C)C(=O)N[C@H]1C(=O)N[C@@H](CC(N)=O)C(=O)N[C@H]2C(=O)N[C@H]3C(=O)N[C@H](C(=O)N[C@H](C(=O)O)c4cc(O)cc(O)c4-c4cc3ccc4O)[C@H](O[C@H]3C[C@](C)(N)[C@@H](O)[C@H](C)O3)c3ccc(cc3)Oc3cc2cc(c3O[C@@H]2O[C@H](CO)[C@@H](O)[C@H](O)[C@H]2O[C@H]2C[C@](C)(N)[C@@H](O)[C@H](C)O2)Oc2ccc(cc2Cl)[C@H]1O,,ChemBridge Core,0.6740349900722503,0.0295527906153911,,,,,,230,171
Fc1cnccc1N1CCOC(c2ccc(Cl)c(Cl)c2)C1,0.375,CC(=O)N1CCN(c2ccc(OCC3COC(Cn4ccnc4)(c4ccc(Cl)cc4Cl)O3)cc2)CC1,KETOCONAZOLE,0.3691860465116279,CN1CCN(c2c(F)cc3c(=O)c(C(=O)O)cn(CCF)c3c2F)CC1,FLEROXACIN,ChemBridge Express,0.7589839613437652,0.0207861332255042,,,,,,38,172
FC(F)(F)C1=CN=C(C=C1)N1CCN(CC1)C1=CC(Cl)=C(Cl)C=C1,0.3868821292775665,CC1=CC=C(CN2CCN(CC2=O)C2=CC=C(Cl)C(=N2)C(O)=O)C=C1,MP54,0.3562066306861989,CCn1cc(C(=O)O)c(=O)c2cc(F)c(N3CCNCC3)nc21,ENOXACIN,MolPort,0.7359082370996475,0.0179448915037942,,,,,,72,173
COc1ccc(OCCCOc2cccc(Cl)c2Cl)cc1,0.4272997032640949,Oc1c(Cl)c(Cl)c(Cl)c(Cl)c1Cl,PENTACHLOROPHENOL,0.3418367346938775,CCCCCCCCCCCC[N+](C)(C)CCOc1ccc(Cl)cc1,DODECLONIUM,ChemBridge Core,0.6220068675279617,0.0164742752917512,,,,,,537,174
OC=O.OC=O.COC1=C(CN(C)[C@@H]2C[C@@H]3C[C@@H](C[C@@H]3C2)N(C)C)C=C(Cl)C=C1Cl,0.4174311926605504,COc1ccccc1[C@@H](NC(=O)C1CCN(CCOc2ccc(cc2Cl)Cl)CC1)c1ccccn1,BRD-A34368293,0.3314358001265022,NC1C(=O)NC2Cc3ccc(c(Cl)c3)Oc3cc4cc(c3O)Oc3ccc(cc3Cl)C(O)C3NC(=O)C(NC(=O)C4NC(=O)C(NC2=O)c2cc(O)cc(c2)Oc2cc1ccc2O)c1ccc(O)c(c1)-c1c(cc(O)c(CNC2C4CC5CC(C4)CC2C5)c1O)[C@H](C(=O)NC1C2CC4CC(C2)CC1C4)NC3=O,,MolPort,0.6981271264981479,0.0571822680226298,,,,,,137,175
CN(C)C1=CC=C(C=C1)C1=NN=C2SC(=NN12)C1=CC(Cl)=C(Cl)C=C1,0.446100347739692,C=C(NC(=O)C(=C)NC(=O)c1csc(C2=NC3c4csc(n4)C4NC(=O)c5csc(n5)C(C(C)(O)C(C)O)NC(=O)C5CSC(=N5)C(=CC)NC(=O)C(C(C)O)NC(=O)c5csc(n5)C3(CC2)NC(=O)C(C)NC(=O)C(=C)NC(=O)C(C)NC(=O)C(C(C)CC)NC2C=Cc3c(C(C)O)cc(nc3C2O)C(=O)OC4C)n1)C(N)=O,THIOSTREPTON,0.4416114227434982,CNC(=O)C[C@@H]1NC(=O)c2csc(n2)-c2ccc(-c3nc(C4=N[C@H](C(=O)N5CCC[C@H]5C(N)=O)CO4)cs3)nc2-c2csc(n2)-c2csc(n2)C(C(O)c2ccccc2)NC(=O)CNC(=O)c2nc(sc2COC)[C@H](C(C)C)NC(=O)c2nc1sc2C,,MolPort,0.6302910721302033,0.0210825931011913,,,,,,474,176
OC1=C(N2CCN(CC2)C2=CC=C(F)C=C2)C(=O)C1=O,0.3643122676579926,Oc1ccc(cc1)N1CCNCC1,BRD-K04810127,0.301792828685259,CN1CCN(c2ccc(N3C[C@H](CO)OC3=O)cc2F)C=N1,DELPAZOLID,MolPort,0.7869288492202758,0.0241475414477197,,,,,,21,177
Cl.Cl.CN1C=CN=C1C1=NN=C(C=C1)N1CCC(CC1)C1CCNCC1,0.3505948215535339,NS(=O)(=O)OC[C@H]1C[C@@H](Nc2ccnc3cc(nn23)-c2cccc(c2)SC(F)(F)F)[C@H](O)[C@@H]1O,BRD-K00003376,0.3447204968944099,CO[C@H]1/C=C/O[C@@]2(C)Oc3c(C)c(O)c4c(=O)c(c5oc6cc(N7CCN(CC(C)C)CC7)cc(O)c6nc-5c4c3C2=O)NC(=O)/C(C)=C\C=C\[C@H](C)[C@H](O)[C@@H](C)[C@@H](O)[C@@H](C)[C@H](OC(C)=O)[C@@H]1C,RIFALAZIL,MolPort,0.5743813046813011,0.0330428008563177,,,,,,1022,178
CC(=O)C1=CN=C(NC2=C(Cl)C(Cl)=CC=C2)S1,0.3531786074672048,CSc1cccc2sc(nc12)Nc1ccc(cc1)Cl,BRD-K18692571,0.2982131854590265,CC(C)(O/N=C(\C(=O)NC1CN(C(=O)NS(=O)(=O)N2CCN(NC(=O)c3cc(=O)c(O)c[nH]3)C2=O)C1=O)c1csc(N)n1)C(=O)[O-].[Na+],PIRAZMONAM SODIUM,MolPort,0.700554814338684,0.022777243630919,,,,,,129,179
Cl.Cl.CN(CCCNC1CCC2(CCNCC2)CC1)C1=CC=CC=C1,0.4325481798715203,CC1(C)CC(CC(C)(C)N1)Nc1ccc(cc1)Nc1ccccc1,BRD-K97345511,0.2585119798234552,CC(=O)NC[C@H]1CN(c2ccc(N3CCOCC3)c(F)c2)C(=O)O1,LINEZOLID,MolPort,0.6372860017418861,0.0411248935203036,,,,,,420,18
OC1=CC=CC(NC2=C(Cl)C(=O)N(N=C2)C23CC4CC(CC(C4)C2)C3)=C1,0.4411764705882353,C=C(NC(=O)C(=C)NC(=O)c1csc(C2=NC3c4csc(n4)C4NC(=O)c5csc(n5)C(C(C)(O)C(C)O)NC(=O)C5CSC(=N5)C(=CC)NC(=O)C(C(C)O)NC(=O)c5csc(n5)C3(CC2)NC(=O)C(C)NC(=O)C(=C)NC(=O)C(C)NC(=O)C(C(C)CC)NC2C=Cc3c(C(C)O)cc(nc3C2O)C(=O)OC4C)n1)C(N)=O,THIOSTREPTON,0.4282797345584482,CN(C)[C@@H]1C(O)=C(C(=O)NCN[C@@H](C(=O)N[C@@H]2C(=O)N3[C@@H](C(=O)O)C(C)(C)S[C@H]23)c2ccccc2)C(=O)[C@@]2(O)C(O)=C3C(=O)c4c(O)cccc4[C@@](C)(O)[C@H]3C[C@@H]12,PENIMOCYCLINE,MolPort,0.5870457829535007,0.0424960241235194,,,,,,859,180
Cl.Cl.NC(CC1=CC=C(O)C(=C1)C1=CC(CC(N)C(O)=O)=CC=C1O)C(O)=O,0.4536862003780718,N[C@@H](Cc1ccc(c(c1)O)O)C(=O)O,BRD-K34730807,0.3225806451612903,NC1C(=O)NC2Cc3ccc(c(Cl)c3)Oc3cc4cc(c3O)Oc3ccc(cc3Cl)C(O)C(C(=O)O)NC(=O)C(c3ccc(O)c(-c5c(O)cc(O)cc5[C@@H](N)C(=O)O)c3)NC(=O)C4NC(=O)C(NC2=O)c2cc(O)cc(c2)Oc2cc1ccc2O,,MolPort,0.558799367249012,0.036443315096078,,,,,,1268,181
ClC1=CC(Cl)=C(\C=N\N2C=NC3=C(NC4=C3C=C(Br)C=C4)C2=O)C=C1,0.4692460317460317,C=C(NC(=O)C(=C)NC(=O)c1csc(C2=NC3c4csc(n4)C4NC(=O)c5csc(n5)C(C(C)(O)C(C)O)NC(=O)C5CSC(=N5)C(=CC)NC(=O)C(C(C)O)NC(=O)c5csc(n5)C3(CC2)NC(=O)C(C)NC(=O)C(=C)NC(=O)C(C)NC(=O)C(C(C)CC)NC2C=Cc3c(C(C)O)cc(nc3C2O)C(=O)OC4C)n1)C(N)=O,THIOSTREPTON,0.4698672114402451,CNC(=O)C[C@@H]1NC(=O)c2csc(n2)-c2ccc(-c3nc(C4=N[C@H](C(=O)N5CCC[C@H]5C(N)=O)CO4)cs3)nc2-c2csc(n2)-c2csc(n2)C(C(O)c2ccccc2)NC(=O)CNC(=O)c2nc(sc2COC)[C@H](C(C)C)NC(=O)c2nc1sc2C,,MolPort,0.5634708762168884,0.0161044200120709,,,,,,1186,182
CNC1=NC=C(S1)C(=O)C1=CC(Cl)=C(Cl)C=C1,0.3349657198824681,[O-][N+](=O)c1cnc(s1)NC(=O)c1ccc(c(c1)Cl)[N+](=O)[O-],BRD-K75505981-001-01-4,0.2992889463477698,Cc1cc(O)c2c3c4c(cc(O)c13)C(C)(C)C(=O)c1c(O)cc(O)c(c1-4)C2=O,HELIOMYCIN,MolPort,0.8185121339559555,0.0215409414440863,,,,,,7,183
O=C1C(Cl)=C(N2CCOCC2)C(=O)N1c1ccc(Cl)c(Cl)c1,0.4741293532338308,C=C(NC(=O)C(=C)NC(=O)c1csc(C2=NC3c4csc(n4)C4NC(=O)c5csc(n5)C(C(C)(O)C(C)O)NC(=O)C5CSC(=N5)C(=CC)NC(=O)C(C(C)O)NC(=O)c5csc(n5)C3(CC2)NC(=O)C(C)NC(=O)C(=C)NC(=O)C(C)NC(=O)C(C(C)CC)NC2C=Cc3c(C(C)O)cc(nc3C2O)C(=O)OC4C)n1)C(N)=O,THIOSTREPTON,0.4702868852459016,CN(C)[C@@H]1C(O)=C(C(=O)NCN[C@@H](C(=O)N[C@@H]2C(=O)N3[C@@H](C(=O)O)C(C)(C)S[C@H]23)c2ccccc2)C(=O)[C@@]2(O)C(O)=C3C(=O)c4c(O)cccc4[C@@](C)(O)[C@H]3C[C@@H]12,PENIMOCYCLINE,ChemBridge Core,0.8060608595609665,0.0202119485033561,,,,,,13,184
CCOC1=CC=C(OCCOCCOC2=CC=C(Cl)C=C2Cl)C=C1,0.3701492537313433,Oc1c(Cl)c(Cl)c(Cl)c(Cl)c1Cl,PENTACHLOROPHENOL,0.3770491803278688,CCCCCCCCCCCC[N+](C)(C)CCOc1ccc(Cl)cc1,DODECLONIUM,MolPort,0.6909798961877823,0.0218707733796519,,,,,,160,185
NC(=O)c1cc(NC(=O)c2ccc(Cl)c(Cl)c2)ccc1Cl,0.4959630911188004,O=C(Nc1cc(Cl)cc(Cl)c1O)c1c(O)c(Cl)cc(Cl)c1Cl,OXYCLOZANIDE,0.3055555555555556,CC(C)=CCC/C(C)=C/CC/C(C)=C/CN1C(=O)c2cccc(O)c2Nc2c(O)cc(O)cc21,DIAZEPINOMICIN,ChemBridge Core,0.5360999512672424,0.0214257457042087,,,,,,1707,186
CC1CCN(CC1)C(=S)NC1=CC=C(Cl)C(Cl)=C1,0.4347826086956521,Clc1ccc(cc1)NC(=O)Nc1ccc(c(c1)Cl)Cl,BRD-K25029121,0.3690248565965583,N=C(NCCCCCCNC(=N)NC(=N)Nc1ccc(Cl)cc1)NC(=N)Nc1ccc(Cl)cc1,CHLORHEXIDINE,MolPort,0.6977842527627945,0.0340820419215135,,,,,,138,187
[Cl-].[Cl-].OC1=C(C=CC=C1)C(CC[NH+]1CC[NH+](CCC(C2=CC=CC=C2)C2=C(O)C=CC=C2)CC1)C1=CC=CC=C1,0.4647058823529412,C[C@@H](NCCC(c1ccccc1)c1ccccc1)c1ccccc1,BRD-A71033472,0.365482233502538,Cl.N#CC(CCN1CCC(C(=O)O)(c2ccccc2)CC1)(c1ccccc1)c1ccccc1,DIFENOXIN HYDROCHLORIDE,MolPort,0.7508560460805893,0.0150975694063663,,,,,,49,188
Cl.N[C@@H]1CS(=O)(=O)[C@H]2CN(C[C@@H]12)C(=O)NC1=C(Cl)C(Cl)=CC=C1,0.4659270998415214,CN1C(=O)[C@]23C[C@]4([C@@H](Nc5ccccc54)N3C(=O)[C@@]1(CO)SS2)[C@@]12C[C@]34SS[C@@](CO)(N(C)C4=O)C(=O)N3[C@@H]1Nc1ccccc12,BRD-A85860691,0.4633273703041144,CC[C@H]1NC(=O)[C@@H](NC(=O)c2ncccc2O)[C@@H](C)OC(=O)[C@H](c2ccccc2)NC(=O)[C@@H]2CC(=O)[C@H](CS[C@@H]3CN4CCC3CC4)CN2C(=O)[C@H](Cc2ccc(N(C)C)cc2)N(C)C(=O)[C@@H]2CCCN2C1=O,QUINUPRISTIN,MolPort,0.5919910416007041,0.0384574500029289,,,,,,808,189
BrC1C(Br)C(=O)C=CC1=O,0.1971830985915492,O=C1C=CC(=O)C=C1,BRD-K91767080,0.1342592592592592,C/C(=C\C(=O)OCCCCCCCCC(=O)O)C[C@@H]1OC[C@H](C[C@@H]2O[C@H]2[C@@H](C)[C@H](C)O)[C@@H](O)[C@H]1O,MUPIROCIN,MolPort,0.8070565989613533,0.039808829881702,,,,,,12,19
ClC1=CC=C(CN2C=C(C=C(Cl)C2=O)C(=O)NCC2=CC=CC=C2)C=C1Cl,0.4312416555407209,CC(C)[C@@H](N(CCCN)C(=O)c1ccc(cc1)C)C1=Nc2cc(ccc2C(=O)N1Cc1ccccc1)Cl,BRD-K64881305,0.4057524396507447,CN(C)[C@@H]1C(O)=C(C(=O)NCN[C@@H](C(=O)N[C@@H]2C(=O)N3[C@@H](C(=O)O)C(C)(C)S[C@H]23)c2ccccc2)C(=O)[C@@]2(O)C(O)=C3C(=O)c4c(O)cccc4[C@@](C)(O)[C@H]3C[C@@H]12,PENIMOCYCLINE,MolPort,0.6407169538736344,0.0143497149843327,,,,,,400,190
[Cl-].CCCC[P+](CCCC)(CCCC)CC1=CC=CC=C1,0.2586427656850192,CCCC[P+](CCCC)(CCCC)Cc1ccc(cc1)NC(=O)[C@@H](Cc1ccc2ccccc2c1)N=C(NC1CCCCC1)NC1CCCCC1,BRD-K80694030,0.1756756756756756,CCCCCCc1ccc(O)cc1O,Hexylresorcinol,MolPort,0.8149135369062424,0.026442870080508,,,,,,10,191
Cl.Cl.FC1=C(F)C=C(C=C1)N1CCC(CC1)NC1CCNC1,0.3921200750469043,NC[C@H]1CCN(C1)c1ccc(cc1)Oc1ccccc1,BRD-A20309731,0.3431734317343173,CC(=O)NC[C@H]1CN(c2ccc(N3CCOCC3)c(F)c2)C(=O)O1,LINEZOLID,MolPort,0.6655942422151565,0.026843004370434,,,,,,262,192
[NH4+].[NH4+].[NH4+].OC1=CC=C(C=C1C([O-])=O)C(C1=CC=C(O)C(=C1)C([O-])=O)=C1C=CC(=O)C(=C1)C([O-])=O,0.4084628670120898,CN(C)CCC=C1c2ccccc2COc2ccc(CC(=O)O)cc21.Cl,OLOPATADINE HYDROCHLORIDE,0.4005184705119896,CCc1c(Cl)c(O)c(Cl)c(O)c1C(=O)O[C@H]1[C@H](O)[C@H](OC)[C@H](OC/C2=C\C=C\C[C@H](O)/C(C)=C/[C@H](CC)[C@@H](O[C@@H]3OC(C)(C)[C@@H](OC(=O)C(C)C)[C@H](O)[C@@H]3O)/C(C)=C/C(C)=C/C[C@@H]([C@@H](C)O)OC2=O)O[C@@H]1C,FIDAXOMICIN,MolPort,0.815007529258728,0.0110455393536818,,,,,,9,193
CCCCCN1C(NCC2=C([O-])C(Cl)=CC(Cl)=C2)=[NH+]C2=CC=CC=C12,0.4862745098039215,Cc1ccc(cc1)CNc1ccc2n(cnc2c1)C1CCCCC1,BRD-K78850094,0.4321739130434782,CC(C)Cn1cnc2c(N)nc3ccccc3c21,IMIQUIMOD,MolPort,0.5967897468805313,0.021507602361629,,,,,,756,194
O=C1C(Cl)=C(Nc2cccc(O)c2)C(=O)N1c1ccc(Cl)c(Cl)c1,0.4517412935323383,C=C(NC(=O)C(=C)NC(=O)c1csc(C2=NC3c4csc(n4)C4NC(=O)c5csc(n5)C(C(C)(O)C(C)O)NC(=O)C5CSC(=N5)C(=CC)NC(=O)C(C(C)O)NC(=O)c5csc(n5)C3(CC2)NC(=O)C(C)NC(=O)C(=C)NC(=O)C(C)NC(=O)C(C(C)CC)NC2C=Cc3c(C(C)O)cc(nc3C2O)C(=O)OC4C)n1)C(N)=O,THIOSTREPTON,0.4468085106382978,CN(C)c1cc(NC(=O)CNC(C)(C)C)c(O)c2c1C[C@H]1C[C@H]3[C@H](N(C)C)C(O)=C(C(N)=O)C(=O)[C@@]3(O)C(O)=C1C2=O,TIGECYCLINE,ChemBridge Core,0.6815727281570435,0.0110971436819887,,,,,,194,195
BrC1=C(C=CC(=C1)C(=S)N1CCOCC1)N1CCCC1,0.4330601092896174,COc1cc(C(=S)N2CCOCC2)ccc1O,VANITIOLIDE,0.3104371097234611,CC(=O)NC[C@H]1CN(c2ccc(-c3ccc(CNCc4cnn[nH]4)cc3)c(F)c2)C(=O)O1.Cl,RADEZOLID HYDROCHLORIDE,MolPort,0.6856065392494202,0.0517574102013928,,,,,,178,196
CC1CCN(CCOCCOc2ccc(Cl)c(Cl)c2)CC1,0.3403141361256545,CC(C)(C)CC(C)(C)c1ccc(OCCOCC[N+](C)(C)Cc2ccccc2)cc1.[Cl-],BENZETHONIUM CHLORIDE,0.483204134366925,CCCCCCCCCCCC[N+](C)(C)CCOc1ccc(Cl)cc1,DODECLONIUM,ChemBridge Core,0.7156177306175232,0.0309991920446324,,,,,,105,197
CNC1=C(Cl)C=NN(C2=CC(=CC=C2)C(F)(F)F)C1=O,0.4275755228505035,[O-][N+](=O)c1ccc(cc1)-n1ncc(c1C(F)(F)F)NC(=O)Nc1cc(cc(c1)C(F)(F)F)C(F)(F)F,BRD-K55666457,0.3991790661877886,CO[C@H]1/C=C/O[C@@]2(C)Oc3c(C)c(O)c4c(=O)c(c5oc6cc(N7CCN(CC(C)C)CC7)cc(O)c6nc-5c4c3C2=O)NC(=O)/C(C)=C\C=C\[C@H](C)[C@H](O)[C@@H](C)[C@@H](O)[C@@H](C)[C@H](OC(C)=O)[C@@H]1C,RIFALAZIL,MolPort,0.5640919926762581,0.0424832017264959,,,,,,1170,198
OC(=O)C(N1CCN(CC1)C1=CC(Cl)=C(Cl)C=C1)C1=CNC2=CC=CC=C12,0.4924787442773054,COc1ccc2c3c([nH]c2c1)[C@@H](CO)N(Cc1ccc(cc1)Cl)C[C@]13CCN(CCc2ccccc2)CC1,BRD-K64666509,0.4594894561598224,NC1Cc2ccc(c(Cl)c2)Oc2cc3cc(c2O)Oc2ccc(cc2Cl)C(O)C2NC(=O)C(NC(=O)C3NC(=O)C(c3cc(O)cc(Oc4cc(C5NC(=S)N(c6ccccc6)C5=O)ccc4O)c3)NC1=O)c1ccc(O)c(c1)-c1c(cc(O)c(CNC3C4CC5CC(C4)CC3C5)c1O)[C@H](C(=O)O)NC2=O,,MolPort,0.6763283854722977,0.02150235759984,,,,,,218,199
ClC1=CC(Cl)=C(C=C1)C(=O)NC1=NC(=S)SS1,0.3959341723136496,Clc1ccc(c(c1)Cl)C(=O)Nc1nnc(o1)-c1cc(ccc1Cl)Cl,BRD-K90301353-001-01-9,0.283617146212566,CC(C)(O/N=C(\C(=O)N[C@@H]1C(=O)N2C(C(=O)[O-])=C(C[N+]3(CCNC(=O)c4ccc(O)c(O)c4Cl)CCCC3)CS[C@H]12)c1csc(N)n1)C(=O)O,CEFIDEROCOL,MolPort,0.7451697772741318,0.024096965051021,,,,,,59,2
Cl.Cl.Cl.CN(C)[C@@H]1C[C@H](CN2C=C(N=N2)C2=CN=CC=C2)[C@@H](O)[C@H]1O,0.4913598797896318,COc1cccc(c1)S(=O)(=O)N[C@H]1CC[C@H](CCn2cc(nn2)-c2ccccc2OC)O[C@@H]1CO,BRD-K16919185,0.4819201995012468,CC[C@H]1OC(=O)[C@@](C)(F)C(=O)[C@H](C)[C@@H](O[C@@H]2O[C@H](C)C[C@H](N(C)C)[C@H]2O)[C@](C)(OC)C[C@@H](C)C(=O)[C@H](C)[C@H]2N(CCCCn3cc(-c4cccc(N)c4)nn3)C(=O)O[C@]12C,SOLITHROMYCIN,MolPort,0.7255602598190307,0.0344955085619933,,,,,,88,20
CC1CCN(CCCCOc2ccc(Cl)c(Cl)c2)CC1,0.3874755381604696,CC[C@@H](C)NCCCCOc1ccc(cc1C(C)(C)C)Cl,BRD-A31115263,0.4930362116991643,CCCCCCCCCCCC[N+](C)(C)CCOc1ccc(Cl)cc1,DODECLONIUM,ChemBridge Core,0.6453908467292786,0.0296798364974551,,,,,,371,200
ClC1=C(Cl)C(=O)N(N=C1)C12CC3CC(CC(C3)C1)C2,0.3325,C=C(NC(=O)C(=C)NC(=O)c1csc(C2=NC3c4csc(n4)C4NC(=O)c5csc(n5)C(C(C)(O)C(C)O)NC(=O)C5CSC(=N5)C(=CC)NC(=O)C(C(C)O)NC(=O)c5csc(n5)C3(CC2)NC(=O)C(C)NC(=O)C(=C)NC(=O)C(C)NC(=O)C(C(C)CC)NC2C=Cc3c(C(C)O)cc(nc3C2O)C(=O)OC4C)n1)C(N)=O,THIOSTREPTON,0.3228723404255319,CN[C@H](CC(C)C)C(=O)N[C@H]1C(=O)N[C@@H](CC(N)=O)C(=O)N[C@H]2C(=O)N[C@H]3C(=O)N[C@H](C(=O)N[C@H](C(=O)O)c4cc(O)cc(O)c4-c4cc3ccc4O)[C@H](O[C@H]3C[C@](C)(N)[C@@H](O)[C@H](C)O3)c3ccc(c(Cl)c3)Oc3cc2cc(c3O[C@@H]2O[C@H](CO)[C@@H](O)[C@H](O)[C@H]2O[C@H]2C[C@](C)(NCc3ccc(-c4ccc(Cl)cc4)cc3)[C@@H](O)[C@H](C)O2)Oc2ccc(cc2Cl)[C@H]1O,ORITAVANCIN,MolPort,0.5682901608943939,0.040332884028068,,,,,,1118,201
COC(=O)C1=C(N)N(C(=S)S1)C1=CC(Cl)=C(Cl)C=C1,0.4544554455445544,C=C(NC(=O)C(=C)NC(=O)c1csc(C2=NC3c4csc(n4)C4NC(=O)c5csc(n5)C(C(C)(O)C(C)O)NC(=O)C5CSC(=N5)C(=CC)NC(=O)C(C(C)O)NC(=O)c5csc(n5)C3(CC2)NC(=O)C(C)NC(=O)C(=C)NC(=O)C(C)NC(=O)C(C(C)CC)NC2C=Cc3c(C(C)O)cc(nc3C2O)C(=O)OC4C)n1)C(N)=O,THIOSTREPTON,0.4525025536261491,CO[C@H]1/C=C/O[C@@]2(C)Oc3c(C)c(O)c4c(=O)c(c5oc6cc(N7CCN(CC(C)C)CC7)cc(O)c6nc-5c4c3C2=O)NC(=O)/C(C)=C\C=C\[C@H](C)[C@H](O)[C@@H](C)[C@@H](O)[C@@H](C)[C@H](OC(C)=O)[C@@H]1C,RIFALAZIL,MolPort,0.5865707401931286,0.0357173192087749,,,,,,864,202
OC1=C(C=CC=C1)P(=O)(C1=C(O)C=CC=C1)C1=C(O)C=CC=C1,0.2136871508379888,CC1=C(C)C(=O)C(=CC1=O)CCCCCCCCCC[P+](c1ccccc1)(c1ccccc1)c1ccccc1,BRD-K00003375,0.1795685279187817,CC(C)(O/N=C(\C(=O)NC1CN(C(=O)NS(=O)(=O)N2CCN(NC(=O)c3cc(=O)c(O)c[nH]3)C2=O)C1=O)c1csc(N)n1)C(=O)[O-].[Na+],PIRAZMONAM SODIUM,MolPort,0.5755220150947571,0.0089109395303712,,,,,,1008,203
OCCS(O)(=O)=O.NC1=NC(N)=C(N=N1)C1=C(Cl)C(Cl)=CC=C1,0.4947965941343424,CC1(N)CCN(CC1)c1cnc(c(n1)N)-c1cccc(c1Cl)Cl,BRD-K00818915,0.3512396694214876,CO[C@H]1/C=C/O[C@@]2(C)Oc3c(C)c(O)c4c(=O)c(c5oc6cc(N7CCN(CC(C)C)CC7)cc(O)c6nc-5c4c3C2=O)NC(=O)/C(C)=C\C=C\[C@H](C)[C@H](O)[C@@H](C)[C@@H](O)[C@@H](C)[C@H](OC(C)=O)[C@@H]1C,RIFALAZIL,MolPort,0.6250219315290451,0.0232145667125641,,,,,,511,204
ClC1=C(Cl)C=C(C=C1)N1CC(=O)N(CC1=O)C1=CC(Cl)=C(Cl)C=C1,0.3978748524203069,COc1ccc(cc1)N1C(=O)C[C@H](N2CCCN(CC2)[C@@H]2CC(=O)N(C2=O)c2ccc(cc2)OC)C1=O,BRD-A80213576,0.345123258306538,CC(=O)NC[C@H]1CN(C(=O)O1)C2=CC(=C(C=C2)N3CCN(CC3)C(=O)CO)F,EPEREZOLID,MolPort,0.6808332294225693,0.0245260010535939,,,,,,196,205
CN(C)C1(CNC2=C(N3CCN(CC3)C3=CC(Cl)=CC=C3)C(=O)C2=O)CCCC1,0.3542713567839196,COc1c(N2CC3CCCNC3C2)c(F)cc2c(=O)c(C(=O)O)cn(C3CC3)c12.Cl,MOXIFLOXACIN HYDROCHLORIDE,0.3542713567839196,COc1c(N2C[C@@H]3CCCN[C@@H]3C2)c(F)cc2c(=O)c(C(=O)O)cn(C3CC3)c12,MOXIFLOXACIN,MolPort,0.6473064184188843,0.0459236480438342,,,,,,360,206
O=S(=O)(Oc1ccc(Cl)c2cccnc12)c1cc(Cl)ccc1Cl,0.4704463208685163,Oc1ccc(c2cccnc12)Cl,BRD-K46982791,0.3995891114535182,CO[C@H]1/C=C/O[C@@]2(C)Oc3c(C)c(O)c4c(=O)c(c5oc6cc(N7CCN(CC(C)C)CC7)cc(O)c6nc-5c4c3C2=O)NC(=O)/C(C)=C\C=C\[C@H](C)[C@H](O)[C@@H](C)[C@@H](O)[C@@H](C)[C@H](OC(C)=O)[C@@H]1C,RIFALAZIL,ChemBridge Core,0.6410522031784057,0.0136063029259657,,,,,,398,207
Clc1ccccc1OCCN1CCC(Cc2ccccc2)CC1,0.4312354312354312,CCCCCCC[N+](CC)(CC)CCCCc1ccc(cc1)Cl,BRD-K02680176-075-12-9,0.4699074074074074,CCCCCCCCCCCC[N+](C)(C)CCOc1ccc(Cl)cc1,DODECLONIUM,ChemBridge Core,0.6168939304351807,0.0362068635431644,,,,,,574,208
CC1SC(=N)N(C2=NC=C(CC3=CC=C(Cl)C(Cl)=C3)S2)C1=O,0.4982681840672934,C=C(NC(=O)C(=C)NC(=O)c1csc(C2=NC3c4csc(n4)C4NC(=O)c5csc(n5)C(C(C)(O)C(C)O)NC(=O)C5CSC(=N5)C(=CC)NC(=O)C(C(C)O)NC(=O)c5csc(n5)C3(CC2)NC(=O)C(C)NC(=O)C(=C)NC(=O)C(C)NC(=O)C(C(C)CC)NC2C=Cc3c(C(C)O)cc(nc3C2O)C(=O)OC4C)n1)C(N)=O,THIOSTREPTON,0.4932079414838035,CC(=O)N[C@@H]1[C@H](OC2c3ccc(c(Cl)c3)Oc3cc4cc(c3O[C@@H]3O[C@@H](CO)[C@@H](O)[C@H](O)[C@@H]3NC(=O)CCCCCCC(C)C)Oc3ccc(cc3Cl)C(O)C3NC(=O)C(N)c5ccc(O)c(c5)Oc5cc(O)cc(c5)C(NC3=O)C(=O)NC4C(=O)NC3C(=O)NC2C(=O)N[C@@H](C(=O)O)c2cc(O)cc(O[C@H]4O[C@H](CO)[C@@H](O)[C@@H](O)[C@@H]4O)c2-c2cc3ccc2O)O[C@@H](CO)[C@@H](O)[C@@H]1O,,MolPort,0.7441181772947312,0.0235988471386467,,,,,,60,209
Cl.Cl.ClC1=C(C=CC=C1)N1CCC(CC1)NC[C@H]1CCCN1,0.3911439114391143,NC[C@H]1CCN(C1)c1ccc(cc1)Oc1ccccc1,BRD-A20309731,0.2867132867132867,CC(=O)NC[C@H]1CN(c2ccc(N3CCOCC3)c(F)c2)C(=O)O1,LINEZOLID,MolPort,0.756458986401558,0.0221710794739371,,,,,,43,21
ClC1=NSS\C1=N\C1=CC=C(Cl)C(Cl)=C1,0.3281972265023112,ClC1=NSSC1=Nc1nncs1,BRD-K36591038-001-04-9,0.2141882673942701,N[C@@H]1CCCCN(c2c(F)cc3c(=O)c(C(=O)O)cn(C4CC4)c3c2Cl)C1,BESIFLOXACIN,MolPort,0.7284875327348709,0.0299613781530544,,,,,,85,210
CN(C)CCNCCC(CC1=C(Cl)C=CC=C1)C1=CC=C(Cl)C=C1,0.431578947368421,CCC(c1ccc(O)cc1)C(CC)c1ccc(O)cc1,HEXESTROL,0.3094059405940594,Cl.N#CC(CCN1CCC(C(=O)O)(c2ccccc2)CC1)(c1ccccc1)c1ccccc1,DIFENOXIN HYDROCHLORIDE,MolPort,0.6632642424106598,0.0346704658149001,,,,,,277,211
Cl.Cl.CCOC1=CC=C(C=C1C(O)=O)C1=CC=NC(=N1)N1CCC(CC1)NC,0.4432989690721649,CCCCCCO[C@@H](C)c1cccc(c1OC)-c1csc(n1)NC(=O)c1cc(c(c(c1)Cl)/C=C(\C)C(=O)O)Cl,BRD-K93228461,0.421875,NC1Cc2ccc(c(Cl)c2)Oc2cc3cc(c2O)Oc2ccc(cc2Cl)C(O)C2NC(=O)C(NC(=O)C3NC(=O)C(c3cc(O)cc(Oc4cc(C5NC(=S)N(c6ccccc6)C5=O)ccc4O)c3)NC1=O)c1ccc(O)c(c1)-c1c(cc(O)c(CNC3C4CC5CC(C4)CC3C5)c1O)[C@H](C(=O)O)NC2=O,,MolPort,0.7103263410925865,0.035685825648576,,,,,,111,212
NC1=NC(CNC(=O)C2=CN(CCC3=CC=CC=C3)C=C(C(O)=O)C2=O)=CS1,0.4721845318860244,CCN1C=C(C(=O)O)C(=O)c2cc(c(cc21)N1CCN(CC1)C(=S)Nc1cc(ccc1Cl)C(F)(F)F)F,BRD-K36990484,0.4707771355170199,C[C@H]1NCc2cc(-c3ccc4c(=O)c(C(=O)O)cn(C5CC5)c4c3OC(F)F)ccc21,GARENOXACIN,MolPort,0.6044595888257027,0.0399851169985878,,,,,,678,213
O=C(c1ccc(Cl)c(Cl)c1)N1CCSC1=S,0.3407692307692307,C[C@H]1CN([C@H](C)CO)C(=O)c2cccc(c2O[C@@H]1CN(C)Cc1ccc(c(c1)Cl)Cl)NC(=O)Nc1cccc2ccccc12,BRD-K01980461,0.3029827315541601,C1N2CN3CN1CN(C2)C3.O=C(O)CNC(=O)c1ccccc1,METHENAMINE HIPPURATE,ChemBridge Core,0.5856481224298478,0.0251224405837662,,,,,,872,214
CC(C)C1=CC=C(CNC2=NN3C(NC(CNC4=CC=C(C)C(Cl)=C4)=CC3=O)=N2)C=C1,0.4804439746300211,COc1ccc(cc1)[Si](C)(C)[C@H]1[C@H](C)[C@]2(O[C@@H]1CCn1cc(nn1)CCOC(=O)NCCCCCC(=O)NO)C(=O)N(Cc1ccc(cc1)I)c1ccccc12,BRD-K85879051,0.4721796835119959,CO[C@H]1/C=C/O[C@@]2(C)Oc3c(C)c(O)c4c(=O)c(c5oc6cc(N7CCN(CC(C)C)CC7)cc(O)c6nc-5c4c3C2=O)NC(=O)/C(C)=C\C=C\[C@H](C)[C@H](O)[C@@H](C)[C@@H](O)[C@@H](C)[C@H](OC(C)=O)[C@@H]1C,RIFALAZIL,MolPort,0.5244344621896744,0.0243287000049616,,,,,,1973,215
FC1=C(C=CC=C1)N1CCN(CC1)C(=S)C1=CC(Cl)=C(Cl)C=C1,0.3965863453815261,Cc1ccc(cc1)C(=O)N1CCN(CC1)c1ccc(cc1)NC(=O)COc1c(cc(cc1Br)C)C,BRD-K17278870,0.3943377148634985,CC(=O)NC[C@H]1CN(C(=O)O1)C2=CC(=C(C=C2)N3CCN(CC3)C(=O)CO)F,EPEREZOLID,MolPort,0.7853585135936737,0.0166981695649067,,,,,,22,216
FC1=C(SSC2=C(F)C=CC=C2)C=CC=C1,0.2713178294573643,Oc1ccc2ccccc2c1SSc1c(ccc2ccccc12)O,BRD-K38727704-001-06-9,0.1527377521613832,NCc1ccc(S(N)(=O)=O)cc1,MAFENIDE,MolPort,0.7848072057962417,0.0330119611757871,,,,,,23,217
FC1=C(C=CC=C1)N1CCN(CC1)C1=C(Cl)C(=O)N(CC2=CC=CC=C2)N=C1,0.445016077170418,Cl.NC1CCN(c2c(F)cc3c(=O)c(C(=O)O)cn(C4CC4)c3c2Cl)C1,CLINAFOXACIN HYDROCHLORIDE,0.4454371410338226,N[C@@H]1CCCCN(c2c(F)cc3c(=O)c(C(=O)O)cn(C4CC4)c3c2Cl)C1,BESIFLOXACIN,MolPort,0.5701017966866493,0.0304169615682426,,,,,,1094,218
FC1=C(C=CC=C1)N1CCN(CC1)C(=S)NC1=CC=C(Cl)C(Cl)=C1,0.3941039565554693,CCN1C=C(C(=O)O)C(=O)c2cc(c(cc21)N1CCN(CC1)C(=S)Nc1cc(ccc1Cl)C(F)(F)F)F,BRD-K36990484,0.3831578947368421,CC(=O)NC[C@H]1CN(C(=O)O1)C2=CC(=C(C=C2)N3CCN(CC3)C(=O)CO)F,EPEREZOLID,MolPort,0.755500853061676,0.0163885451915659,,,,,,44,219
CC1=CC=C(Cl)C=C1N1CCN(CC1)C1CC(=O)N(CC2=CC=C(Cl)C=C2)C1=O,0.4985133795837463,COc1ccc(cc1)N1C(=O)C[C@H](N2CCCN(CC2)[C@@H]2CC(=O)N(C2=O)c2ccc(cc2)OC)C1=O,BRD-A80213576,0.4391005621486571,CC[C@H]1NC(=O)[C@@H](NC(=O)c2ncccc2O)[C@@H](C)OC(=O)[C@H](c2ccccc2)NC(=O)[C@@H]2CC(=O)[C@H](CS[C@@H]3CN4CCC3CC4)CN2C(=O)[C@H](Cc2ccc(N(C)C)cc2)N(C)C(=O)[C@@H]2CCCN2C1=O,QUINUPRISTIN,MolPort,0.6115244019031525,0.0468999591781929,,,,,,623,22
COC1=CC=C(NC2=NC3=CC(Cl)=C(Cl)C=C3N3C=NN=C23)C=C1Cl,0.4734982332155477,CC(C)(O)CC(=O)NCCn1ccc2ncnc(c12)Nc1ccc(c(c1)Cl)Oc1cccc(c1)C(F)(F)F,BRD-K80343549,0.4652706843718079,CO[C@H]1/C=C/O[C@@]2(C)Oc3c(C)c(O)c4c(=O)c(c5oc6cc(N7CCN(CC(C)C)CC7)cc(O)c6nc-5c4c3C2=O)NC(=O)/C(C)=C\C=C\[C@H](C)[C@H](O)[C@@H](C)[C@@H](O)[C@@H](C)[C@H](OC(C)=O)[C@@H]1C,RIFALAZIL,MolPort,0.600240415930748,0.0082416481479384,,,,,,718,220
ClC1=CC=C(CNC(=S)NCC2=CC=C3OCOC3=C2)C=C1,0.4896030245746692,COc1cc(CNC(=O)CCCCC=CC(C)C)ccc1O,CAPSAICIN,0.3982869379014989,C=CCc1ccc(O)c(OC)c1,eugenol,MolPort,0.5931096053123475,0.0214824056125356,,,,,,797,221
OC1=C(C=C(Cl)C=C1Br)S(=O)(=O)C1=C(O)C(Br)=CC(Cl)=C1,0.4479495268138801,Oc1c(Cl)cc(Cl)cc1Sc1cc(Cl)cc(Cl)c1O,BITHIONOL,0.2995169082125604,Nc1ccc(S(=O)(=O)c2ccc(N)cc2)cc1,DAPSONE,MolPort,0.7019712936878204,0.0160740864355874,,,,,,127,222
Clc1ccc(CN2CCN(c3ccccc3Cl)CC2)cc1Cl,0.3935698447893569,Cc1ccc(cc1)C(=O)N1CCN(CC1)c1ccc(cc1)NC(=O)COc1c(cc(cc1Br)C)C,BRD-K17278870,0.3036649214659686,CC(=O)NC[C@H]1CN(C(=O)O1)C2=CC(=C(C=C2)N3CCN(CC3)C(=O)CO)F,EPEREZOLID,ChemBridge Core,0.7336826086044311,0.0154644456959424,,,,,,75,223
Cl.Cl.CCOC1=C(CNCCN2CCOCC2)C=C(Cl)C=C1Cl,0.4184938036224976,COc1ccccc1[C@@H](NC(=O)C1CCN(CCOc2ccc(cc2Cl)Cl)CC1)c1ccccn1,BRD-A34368293,0.3337912087912087,CC(C)(C)CC(C)(C)c1ccc(OCCOCC[N+](C)(C)Cc2ccccc2)cc1,BENZETHONIUM,MolPort,0.6073609495162964,0.0254329361417205,,,,,,654,224
S=C(Nc1ccc(Cl)c(Cl)c1)N1CCOCC1,0.4395604395604395,Clc1ccc(cc1)NC(=O)Nc1ccc(c(c1)Cl)Cl,BRD-K25029121,0.3240223463687151,N=C(NCCCCCCNC(=N)NC(=N)Nc1ccc(Cl)cc1)NC(=N)Nc1ccc(Cl)cc1,CHLORHEXIDINE,ChemBridge Core,0.7010205382108688,0.0330391160797933,,,,,,128,225
ClC1=CC=C(CCNC(=O)CN2CCN(CC2)C2=CC(Cl)=C(Cl)C=C2)C=C1,0.3883495145631068,CN(C(=O)CN(CCO)CC(=O)N(C)C(C)(C)Cc1ccccc1)C(C)(C)Cc1ccccc1,OXETHAZAINE,0.3297529538131042,CC(=O)NC[C@H]1CN(C(=O)O1)C2=CC(=C(C=C2)N3CCN(CC3)C(=O)CO)F,EPEREZOLID,MolPort,0.6458101677894592,0.0248515483510137,,,,,,369,226
CN(C)C1=NC(C2=CC(Cl)=C(Cl)C=C2)=C(C=N1)S(=O)(=O)C1=CC=CC=C1,0.4430082256169212,COc1oc(c(c1S(=O)(=O)c1ccc(cc1[N+](=O)[O-])C(F)(F)F)-c1ccc(cc1)Cl)C(=O)NC1CCCCC1,BRD-K55676732,0.4376979936642027,CC(=O)N[C@@H]1[C@H](OC2c3ccc(c(Cl)c3)Oc3cc4cc(c3O[C@@H]3O[C@@H](CO)[C@@H](O)[C@H](O)[C@@H]3NC(=O)CCCCCCC(C)C)Oc3ccc(cc3Cl)C(O)C3NC(=O)C(N)c5ccc(O)c(c5)Oc5cc(O)cc(c5)C(NC3=O)C(=O)NC4C(=O)NC3C(=O)NC2C(=O)N[C@@H](C(=O)O)c2cc(O)cc(O[C@H]4O[C@H](CO)[C@@H](O)[C@@H](O)[C@@H]4O)c2-c2cc3ccc2O)O[C@@H](CO)[C@@H](O)[C@@H]1O,,MolPort,0.6071350651979447,0.0177696562505251,,,,,,656,227
CN(C)C1CCN(CC1)C(=O)C1=CSC(NC(=O)C2=CC(Cl)=C(Cl)C=C2)=N1,0.4630738522954092,[O-][N+](=O)c1cnc(s1)NC(=O)c1cccc(c1)Cl,BRD-K92141162-001-01-8,0.4244680851063829,CN[C@H](CC(C)C)C(=O)N[C@H]1C(=O)N[C@@H](CC(N)=O)C(=O)N[C@H]2C(=O)N[C@H]3C(=O)N[C@H](C(=O)N[C@H](C(=O)O)c4cc(O)cc(O)c4-c4cc3ccc4O)[C@H](O[C@H]3C[C@](C)(N)[C@@H](O)[C@H](C)O3)c3ccc(c(Cl)c3)Oc3cc2cc(c3O[C@@H]2O[C@H](CO)[C@@H](O)[C@H](O)[C@H]2O[C@H]2C[C@](C)(NCc3ccc(-c4ccc(Cl)cc4)cc3)[C@@H](O)[C@H](C)O2)Oc2ccc(cc2Cl)[C@H]1O,ORITAVANCIN,MolPort,0.7441006010770798,0.0411531536153483,,,,,,61,228
CC1CCN(CCOCCOc2c(Cl)ccc3ccccc23)CC1,0.3685950413223141,CN(C)C(CCOc1cccc2ccccc12)c1ccccc1.Cl,DAPOXETINE HYDROCHLORIDE,0.3770833333333333,CCCCCCCCCCCC[N+](C)(C)CCOc1ccc(Cl)cc1,DODECLONIUM,ChemBridge Core,0.5589980497956276,0.0315112280358231,,,,,,1264,229
ClC1=CC=C(OCCN2CCN(CC2)C2=C(C(=O)C2=O)C2=CC=C(Cl)C=C2)C=C1,0.3822355289421157,C=C(NC(=O)C(=C)NC(=O)c1csc(C2=NC3c4csc(n4)C4NC(=O)c5csc(n5)C(C(C)(O)C(C)O)NC(=O)C5CSC(=N5)C(=CC)NC(=O)C(C(C)O)NC(=O)c5csc(n5)C3(CC2)NC(=O)C(C)NC(=O)C(=C)NC(=O)C(C)NC(=O)C(C(C)CC)NC2C=Cc3c(C(C)O)cc(nc3C2O)C(=O)OC4C)n1)C(N)=O,THIOSTREPTON,0.3843766166580445,CO[C@H]1/C=C/O[C@@]2(C)Oc3c(C)c(O)c4c(=O)c(c5oc6cc(N7CCN(CC(C)C)CC7)cc(O)c6nc-5c4c3C2=O)NC(=O)/C(C)=C\C=C\[C@H](C)[C@H](O)[C@@H](C)[C@@H](O)[C@@H](C)[C@H](OC(C)=O)[C@@H]1C,RIFALAZIL,MolPort,0.6040021002292633,0.0195392946070325,,,,,,683,23
COc1ccc(CCNC(=S)Nc2ccc(Cl)c(Cl)c2)cc1,0.4092741935483871,Clc1ccc(cc1)NC(=O)Nc1ccc(c(c1)Cl)Cl,BRD-K25029121,0.3107638888888889,N=C(NCCCCCCNC(=N)NC(=N)Nc1ccc(Cl)cc1)NC(=N)Nc1ccc(Cl)cc1,CHLORHEXIDINE,ChemBridge Core,0.6133705359697342,0.0169967317614535,,,,,,609,230
[Na+].[Na+].OC1=C(Cl)C(=CC2=CC(=C(Cl)C(O)=C12)S([O-])(=O)=O)S([O-])(=O)=O,0.3993871297242083,O=S(=O)([O-])c1cc(O)c2c(N=Nc3ccc(Nc4ccccc4)c4c(S(=O)(=O)[O-])cccc34)cc(S(=O)(=O)[O-])cc2c1.[Na+].[Na+].[Na+],ANAZOLENE SODIUM,0.2764182424916574,CN(C)c1cc(CNCC(C)(C)C)c(O)c2c1C[C@H]1C[C@H]3[C@H](N(C)C)C(O)=C(C(N)=O)C(=O)[C@@]3(O)C(O)=C1C2=O.Cc1ccc(S(=O)(=O)O)cc1,OMADACYCLINE TOSYLATE,MolPort,0.7765923094749451,0.0133539269352831,,,,,,29,231
Cl.Cl.CNCCCCNC1CCN(CC1)C1=CC=C(C=C1)C1=CC=CO1,0.3686006825938566,NC[C@H]1CCN(C1)c1ccc(cc1)Oc1ccccc1,BRD-A20309731,0.3287265547877591,CC(=O)NC[C@H]1CN(c2ccc(-c3ccc(CNCc4cnn[nH]4)cc3)c(F)c2)C(=O)O1.Cl,RADEZOLID HYDROCHLORIDE,MolPort,0.6463811159133911,0.0269544769135181,,,,,,366,232
OC(=O)C(O)=O.COC1=CC(CNC2=CC(SC)=CC=C2)=CC(OC)=C1O,0.4045307443365696,COc1cc(CNC(=O)CCCCC=CC(C)C)ccc1O,CAPSAICIN,0.3583892617449664,COc1cc(Cc2cnc(N)nc2N)cc(OC)c1OC,TRIMETHOPRIM,MolPort,0.5157897332310677,0.0193073075343698,,,,,,2188,233
Cl.Cl.CC1=C(C=CC=C1)N1CCN(CCOC2=CC(Cl)=CC=C2)CC1,0.4086242299794661,Oc1ccc(cc1)N1CCNCC1,BRD-K04810127,0.3427495291902072,CCCCCCCCCCCC[N+](C)(C)CCOc1ccc(Cl)cc1,DODECLONIUM,MolPort,0.5882977241277695,0.0096716492796164,,,,,,843,234
ClC1=C(C=NN(C1=O)C12CC3CC(CC(C3)C1)C2)N1CCNCC1,0.4348258706467661,C=C(NC(=O)C(=C)NC(=O)c1csc(C2=NC3c4csc(n4)C4NC(=O)c5csc(n5)C(C(C)(O)C(C)O)NC(=O)C5CSC(=N5)C(=CC)NC(=O)C(C(C)O)NC(=O)c5csc(n5)C3(CC2)NC(=O)C(C)NC(=O)C(=C)NC(=O)C(C)NC(=O)C(C(C)CC)NC2C=Cc3c(C(C)O)cc(nc3C2O)C(=O)OC4C)n1)C(N)=O,THIOSTREPTON,0.4283520982599795,CN(C)[C@@H]1C(O)=C(C(=O)NCN[C@@H](C(=O)N[C@@H]2C(=O)N3[C@@H](C(=O)O)C(C)(C)S[C@H]23)c2ccccc2)C(=O)[C@@]2(O)C(O)=C3C(=O)c4c(O)cccc4[C@@](C)(O)[C@H]3C[C@@H]12,PENIMOCYCLINE,MolPort,0.6495671412348747,0.0540071658751574,,,,,,347,235
ClC1=CC(Cl)=C(C=C1)S(=O)(=O)CCN1CCN(CC1)C1=NC=CC=C1,0.3947606142728094,CC1=CC=C(CN2CCN(CC2=O)C2=CC=C(Cl)C(=N2)C(O)=O)C=C1,MP54,0.349926793557833,CCn1cc(C(=O)O)c(=O)c2cc(F)c(N3CCNCC3)nc21,ENOXACIN,MolPort,0.579962597489357,0.0249364717941819,,,,,,946,236
CN(C)[C@H]1C[C@H]2C[C@@H](N(C)C(=O)c3cc(Cl)cc(Cl)c3Cl)C[C@H]2C1,0.4010050251256281,O=C(Nc1cc(Cl)cc(Cl)c1O)c1c(O)c(Cl)cc(Cl)c1Cl,OXYCLOZANIDE,0.3303198887343532,CCOc1ccc2ccccc2c1C(=O)N[C@@H]1C(=O)N2[C@@H](C(=O)O)C(C)(C)S[C@H]12,NAFCILLIN,ChemBridge Express,0.5988100607763045,0.0599947401768404,,,,,,735,237
CSC1=C(C=CC=N1)C(=O)NNC1=CC(Cl)=CC=C1Cl,0.3353951890034364,C[C@H]1CN([C@@H](C)CO)C(=O)c2cc(cnc2O[C@@H]1CN(C)C(=O)Nc1ccc(cc1)C(F)(F)F)C1=CCCC1,BRD-K16159857,0.3265807243707796,Cc1oc(=O)oc1CN1CCN(c2cc3c(cc2F)c(=O)c(C(=O)O)c2n3C(C)S2)CC1,PRULIFLOXACIN,MolPort,0.5734313133358956,0.0348670821674793,,,,,,1037,238
NC1=NN=NN1\N=C\C1=C(OCC2=C(Cl)C=C(Cl)C=C2)C(Cl)=CC(Cl)=C1,0.3667745415318231,ONC(=O)c1cccc(c1)C(=O)N/N=C/c1cc(cc(c1O)Cl)Cl,BRD-K88860058-001-01-6,0.3649870801033592,CCc1c(Cl)c(O)c(Cl)c(O)c1C(=O)O[C@H]1[C@H](O)[C@H](OC)[C@H](OC/C2=C\C=C\C[C@H](O)/C(C)=C/[C@H](CC)[C@@H](O[C@@H]3OC(C)(C)[C@@H](OC(=O)C(C)C)[C@H](O)[C@@H]3O)/C(C)=C/C(C)=C/C[C@@H]([C@@H](C)O)OC2=O)O[C@@H]1C,FIDAXOMICIN,MolPort,0.6163630485534668,0.0190904725366833,,,,,,581,239
ClC1=C(F)C=CC(NC(/C=C/C(NC2=CC=C(F)C(Cl)=C2)=O)=O)=C1,0.3985849056603773,Clc1ccc(cc1)NC(=O)Nc1ccc(c(c1)Cl)Cl,BRD-K25029121,0.2423873325213154,CC(=O)NC[C@H]1CN(c2ccc(N3CCOCC3)c(F)c2)C(=O)O1,LINEZOLID,MayBridge,0.6459726995229721,0.0218338494292559,,,,,,368,24
ClC1=CC(NC(=S)N2CCC3=CC=CC=C3C2)=CC(Cl)=C1,0.4137931034482758,[O-][N+](=O)c1ccc(cc1)NC(=S)NCc1ccc(c(c1)Cl)Cl,BRD-K06741946-001-01-3,0.3315727699530516,NC1Cc2ccc(c(Cl)c2)Oc2cc3cc(c2O)Oc2ccc(cc2Cl)C(O)C2NC(=O)C(NC(=O)C3NC(=O)C(c3cc(O)cc(Oc4cc(C5NC(=S)N(c6ccccc6)C5=O)ccc4O)c3)NC1=O)c1ccc(O)c(c1)-c1c(O)cc(O)cc1[C@H](C(=O)O)NC2=O,,MolPort,0.5881445747613907,0.0365573353927639,,,,,,846,240
COC(=O)CCC1C(OC(=O)C(C)(C)C1=O)C1=C(Cl)C=C(Cl)C=C1,0.4534653465346535,CN(C)[C@H]1[C@@H]2C[C@@H]3[C@H](O)c4c(ccc(c4C(=O)[C@@H]3C(=O)[C@]2(O)C(=O)[C@H](C(=O)N)C1=O)O)Cl,BRD-K00003347,0.4277966101694915,CC[C@H]1OC(=O)[C@H](C)[C@@H](O[C@H]2C[C@@](C)(OC)[C@@](O)(c3ccccc3)[C@H](C)O2)[C@H](C)[C@@H](O[C@@H]2O[C@H](C)C[C@H](N(C)C)[C@H]2O)[C@](C)(O)C[C@@H](C)CN[C@H](C)[C@@H](O)[C@]1(C)O,,MolPort,0.5952223074436188,0.0482432729315774,,,,,,774,241
ClC1=CC=C(NC(=S)NC2CCN(CC3=CC=CC=C3)CC2)C=C1Cl,0.4056463595839524,[O-][N+](=O)c1ccc(cc1)NC(=S)NCc1ccc(c(c1)Cl)Cl,BRD-K06741946-001-01-3,0.3304794520547945,CCCCCCCCCCCC[N+](CCO)(CCO)Cc1ccccc1,BENZOXONIUM,MolPort,0.6413277035951614,0.023742353785109,,,,,,397,242
NN1C(SCC2=CC=C(Cl)C(Cl)=C2)=NN=C1C1=C(Cl)C=CC=C1,0.390547263681592,C=C(NC(=O)C(=C)NC(=O)c1csc(C2=NC3c4csc(n4)C4NC(=O)c5csc(n5)C(C(C)(O)C(C)O)NC(=O)C5CSC(=N5)C(=CC)NC(=O)C(C(C)O)NC(=O)c5csc(n5)C3(CC2)NC(=O)C(C)NC(=O)C(=C)NC(=O)C(C)NC(=O)C(C(C)CC)NC2C=Cc3c(C(C)O)cc(nc3C2O)C(=O)OC4C)n1)C(N)=O,THIOSTREPTON,0.3901183736489964,CO[C@H]1/C=C/O[C@@]2(C)Oc3c(C)c(O)c4c(=O)c(c5oc6cc(N7CCN(CC(C)C)CC7)cc(O)c6nc-5c4c3C2=O)NC(=O)/C(C)=C\C=C\[C@H](C)[C@H](O)[C@@H](C)[C@@H](O)[C@@H](C)[C@H](OC(C)=O)[C@@H]1C,RIFALAZIL,MolPort,0.6673646497726441,0.0157137389022795,,,,,,250,243
ClC1=C(SC2=CC=CC=N2)SSC1=S,0.2547169811320754,Cc1c-2c(nn1C)CSCc1cc(n(n1)C)CSc1cc(c3ccccc3c1)OCCCc1c(n(c3c2c(ccc13)Cl)C)C(=O)O,BRD-K00005264,0.2519908987485779,CN(C)[C@@H]1C(O)=C(C(N)=O)C(=O)[C@@]2(O)C(O)=C3C(=O)c4c(O)cccc4[C@@](C)(O)[C@H]3C[C@@H]12.O=P(O)(O)O,TETRACYCLINE PHOSPHATE COMPLEX,MolPort,0.735214401781559,0.0363221612675665,,,,,,73,25
ClC1=CC=C(C=C1)N1CCN(CC1)C1=C(NCC2=NC=CC=C2)C(=O)C1=O,0.3461785484906872,COc1c(N2CCNC(C)C2)c(F)cc2c(=O)c(C(=O)O)cn(C3CC3)c12,GATIFLOXACIN,0.3464322647362978,CO[C@H]1/C=C/O[C@@]2(C)Oc3c(C)c(O)c4c(=O)c(c5oc6cc(N7CCN(CC(C)C)CC7)cc(O)c6nc-5c4c3C2=O)NC(=O)/C(C)=C\C=C\[C@H](C)[C@H](O)[C@@H](C)[C@@H](O)[C@@H](C)[C@H](OC(C)=O)[C@@H]1C,RIFALAZIL,MolPort,0.6242950482666493,0.0454675927261176,,,,,,517,26
O=C(O)C1CC=CCC1C(=O)Nc1nc(-c2ccc(Cl)c(Cl)c2)cs1,0.4579569145239749,CCCCCCO[C@@H](C)c1cccc(c1OC)-c1csc(n1)NC(=O)c1cc(c(c(c1)Cl)/C=C(\C)C(=O)O)Cl,BRD-K93228461,0.4125950054288816,CN(C)[C@@H]1C(O)=C(C(=O)NCO)C(=O)[C@@]2(O)C(O)=C3C(=O)c4c(O)ccc(Cl)c4[C@@](C)(O)[C@H]3C[C@@H]12,CLOMOCYCLINE,ChemBridge Core,0.6528189367055893,0.0254994668674529,,,,,,325,27
ClC1=CC=C(CNC(=S)NCC2=CC=CO2)C=C1Cl,0.4456721915285451,[O-][N+](=O)c1ccc(cc1)NC(=S)NCc1ccc(c(c1)Cl)Cl,BRD-K06741946-001-01-3,0.2289156626506024,C1N2CN3CN1CN(C2)C3.O=C(O)CNC(=O)c1ccccc1,METHENAMINE HIPPURATE,MolPort,0.7783458888530731,0.0211333741639405,,,,,,28,28
ClC1=C(Cl)C=C(C=C1)C1=NN=C(NC(=O)C2=CC=CS2)S1,0.3912175648702595,[O-][N+](=O)c1cnc(s1)NC(=O)c1cccs1,BRD-K93862950-001-07-1,0.3758029978586724,CCCCc1ccc(CNC2C(Oc3c4cc5cc3Oc3ccc(cc3Cl)C(O)C3NC(=O)C(NC(=O)C5NC(=O)C5NC(=O)C(Cc6ccc(cc6)O4)NC(=O)C(NC)c4ccc(O)c(c4)Oc4cc(O)c(Cl)c5c4)c4ccc(O)c(c4)-c4c(cc(O)c(CN5CCN(Cc6ccc(-c7ccccc7)cc6)CC5)c4O)[C@H](C(=O)NCCCN(C)C)NC3=O)OC(C(=O)NCCCN(C)C)C(O)C2O)cc1,,MolPort,0.6232823318243027,0.0240188652881462,,,,,,527,29
Cl.Cl.CCOC1=C(CNCCCN2C=CN=C2)C=C(Cl)C=C1Cl,0.4138248847926267,COc1ccccc1[C@@H](NC(=O)C1CCN(CCOc2ccc(cc2Cl)Cl)CC1)c1ccccn1,BRD-A34368293,0.3282247765006386,Oc1c(Cl)cc(Cl)c(Cl)c1Cc1c(O)c(Cl)cc(Cl)c1Cl,HEXACHLOROPHENE,MolPort,0.6310922372341156,0.0181162265648037,,,,,,469,3
CC(OC1=C(Cl)C=C(Cl)C=C1)C(=O)NCCNC(=O)C(C)OC1=C(Cl)C=C(Cl)C=C1,0.3326133909287257,Clc1ccc(cc1)[C@@H](NC(=O)C1CCN(CCOc2ccc(cc2Cl)Cl)CC1)c1ccccn1,BRD-A13937616,0.391025641025641,CCCCCCCCCCCC[N+](C)(C)CCOc1ccc(Cl)cc1,DODECLONIUM,MolPort,0.6497308486700057,0.0161681197632951,,,,,,345,30
CC1N(CCN(C1=O)C1=CC=C(F)C(Cl)=C1)C(=O)C1=CC(Cl)=C(Cl)C=C1,0.4750192159877017,C[C@H]1CC=CC[C@@H](NC(=O)[C@H](Cc2ccccc2)N(C)C(=O)c2ccccc2O1)c1cccc(c1)Cl,BRD-M35229433,0.4457142857142857,NC1Cc2ccc(c(Cl)c2)Oc2cc3cc(c2O)Oc2ccc(cc2Cl)C(O)C2NC(=O)C(NC(=O)C3NC(=O)C(c3cc(O)cc(Oc4cc(C5NC(=S)N(c6ccccc6)C5=O)ccc4O)c3)NC1=O)c1ccc(O)c(c1)-c1c(O)cc(O)cc1[C@H](C(=O)O)NC2=O,,MolPort,0.6312593615055084,0.0186499567801802,,,,,,467,31
CC1=CC(OCCCCCCN2C=CN=C2)=CC(C)=C1Cl,0.4422604422604422,Cc1cc(O)cc(C)c1Cl,CHLOROXYLENOL,0.4422604422604422,Cc1cc(O)cc(C)c1Cl,CHLOROXYLENOL,MolPort,0.6238299933075905,0.0300002395666151,,,,,,521,32
FC(F)(F)C1=CC=C(C=C1)N1N=CC(N2CCOCC2)=C(Cl)C1=O,0.4462686567164179,C=C(NC(=O)C(=C)NC(=O)c1csc(C2=NC3c4csc(n4)C4NC(=O)c5csc(n5)C(C(C)(O)C(C)O)NC(=O)C5CSC(=N5)C(=CC)NC(=O)C(C(C)O)NC(=O)c5csc(n5)C3(CC2)NC(=O)C(C)NC(=O)C(=C)NC(=O)C(C)NC(=O)C(C(C)CC)NC2C=Cc3c(C(C)O)cc(nc3C2O)C(=O)OC4C)n1)C(N)=O,THIOSTREPTON,0.4388746803069053,CO[C@H]1/C=C/O[C@@]2(C)Oc3c(C)c(O)c4c(=O)c(c5oc6cc(N7CCN(CC(C)C)CC7)cc(O)c6nc-5c4c3C2=O)NC(=O)/C(C)=C\C=C\[C@H](C)[C@H](O)[C@@H](C)[C@@H](O)[C@@H](C)[C@H](OC(C)=O)[C@@H]1C,RIFALAZIL,MolPort,0.6480301880836487,0.019300660211928,,,,,,355,33
O[Bi]1OC2=C(O1)C(O)=CC(=C2)C(O)=O,0.3971486761710794,OC(=O)c1ccc(cc1O)O,BRD-K95601433,0.2787318361955085,COc1cc(Cc2cnc(N)nc2N)cc(OC)c1OC,TRIMETHOPRIM,MolPort,0.780223712772131,0.0729980481690486,,,,,,27,34
FC1=CN(CC2=CC=C(Cl)C(Cl)=C2)C(=O)N(CC2=CC=C(Cl)C(Cl)=C2)C1=O,0.4623567921440262,CN1C(=O)C=C(N2CCC[C@@H](N)C2)N(Cc2ccccc2C#N)C1=O,BRD-K83003151,0.3404947916666667,CS(=O)(=O)O.O.O.O=c1ccc2ncc(=O)n3c2n1C[C@H]3CN1CCC(NCc2cc3c(cn2)OCCC3)CC1,GEPOTIDACIN MESYLATE,MolPort,0.7494347041845322,0.0163105524280848,,,,,,52,35
O=C(Nc1ccc(Cl)cc1Cl)c1cccc(N2C(=O)C=CC2=O)c1,0.4981366459627329,[O-][N+](=O)c1cc(cc(c1)[N+](=O)[O-])C(=O)Nc1cc(cc(c1)Cl)Cl,BRD-K97126579-001-01-1,0.3795791114575214,CC(C)=CCC/C(C)=C/CC/C(C)=C/CN1C(=O)c2cccc(O)c2Nc2c(O)cc(O)cc21,DIAZEPINOMICIN,ChemBridge Core,0.6594061315059662,0.0237858383765889,,,,,,297,36
Cl.Cl.CC1=CC=CC(N2CCC(CC2)NCC2=CC=C(CN)C=C2)=C1C,0.3538961038961039,NC[C@H]1CCN(C1)c1ccc(cc1)Oc1ccccc1,BRD-A20309731,0.3136320305052431,CC(=O)NC[C@H]1CN(c2ccc(-c3ccc(CNCc4cnn[nH]4)cc3)c(F)c2)C(=O)O1.Cl,RADEZOLID HYDROCHLORIDE,MolPort,0.6705272197723389,0.0203333582818085,,,,,,239,37
FC1=C(F)C(=C(F)C(F)=C1N1CCOCC1)C1=C(F)C(F)=C(N2CCOCC2)C(F)=C1F,0.4143167028199566,CC(=O)NCC1CN(c2ccc(N3CCOCC3)c(F)c2)C(=O)O1,LINEZOLID,0.4321223709369025,CC(=O)NC[C@H]1CN(c2ccc(-c3ccc(CNCc4cnn[nH]4)cc3)c(F)c2)C(=O)O1.Cl,RADEZOLID HYDROCHLORIDE,MolPort,0.7306885284185409,0.0351260564471768,,,,,,80,38
Cl.Cl.CN(C)[C@H]1CN(C[C@@H]1C1CC1)C1=NC=C(C=C1Cl)C(O)=O,0.4790727623953638,CN[C@H]1CN(C[C@@H]1OC)c1ccc2c(n1)N(C=C(C(=O)O)C2=O)c1nccs1,BRD-K23677682,0.4731457800511509,N[C@H]1[C@@H]2CN(c3nc4c(cc3F)c(=O)c(C(=O)O)cn4-c3ccc(F)cc3F)C[C@H]12,TROVAFLOXACIN,MolPort,0.7877792501449585,0.0157175912784304,,,,,,17,39
S1C=CSC1=C1SC=CS1,0.0592417061611374,S=C1SCN(Cc2ccccc2)CN1Cc1ccccc1,SULBENTINE,0.0486169321039396,C[C@@H](O)[C@H]1C(=O)N2C(C(=O)O)=C(S[C@H]3CC[S@@+]([O-])C3)S[C@H]12,SULOPENEM,MolPort,0.675131126800552,0.0737094608996195,,,,,,224,4
ClC1=CC=C(CNC(=S)NC2=NN(C=C2)C23CC4CC(CC(C4)C2)C3)C=C1,0.3500919681177192,CCCSc1nc(c2nnn(c2n1)[C@@H]1C[C@H](OCCO)[C@@H](O)[C@H]1O)N[C@@H]1C[C@H]1c1ccc(c(c1)F)F,BRD-K25838957,0.3500563697857948,NC1Cc2ccc(c(Cl)c2)Oc2cc3cc(c2O)Oc2ccc(cc2Cl)C(O)C2NC(=O)C(NC(=O)C3NC(=O)C(c3cc(O)cc(Oc4cc(C5NC(=S)N(c6ccccc6)C5=O)ccc4O)c3)NC1=O)c1ccc(O)c(c1)-c1c(cc(O)c(CNC3C4CC5CC(C4)CC3C5)c1O)[C@H](C(=O)O)NC2=O,,MolPort,0.6596844762563705,0.0377430585631902,,,,,,295,40
O=S(CCSC1=C(C(O)=O)C=CC=C1)(C2=CC=C(Cl)C=C2Cl)=O,0.3551106427818756,NC[C@@H](c1cccnc1)S(=O)(=O)c1ccc(cc1)Cl,BRD-A33561509,0.3074553296364756,Cc1oc(=O)oc1CN1CCN(c2cc3c(cc2F)c(=O)c(C(=O)O)c2n3C(C)S2)CC1,PRULIFLOXACIN,MayBridge,0.5811185988783837,0.0302001199252247,,,,,,927,41
S(SC1=CC=NS1)C1=CC=NS1,0.1889763779527559,CN1SC=CC1=O,BRD-K35932154,0.1027397260273972,Cn1c([N+](=O)[O-])cnc1/C=C/c1ccnc(N)n1,AZANIDAZOLE,MolPort,0.8654917973279953,0.017996933183877,,,,,,1,42
CCOC1=C(N2CCC(CC3=CC=CC=C3)CC2)C(=O)C1=O,0.3762953367875647,CO[C@H]1/C=C/C[C@H](C)[C@@H](C)S(=O)(=O)NC(=O)c2ccc3c(c2)N(C[C@@H]2CC[C@H]21)C[C@@]1(CCCc2cc(ccc21)Cl)CO3,BRD-K43900408,0.3653088042049934,CC[C@@H]1CCN(c2c(F)cc3c(=O)c(C(=O)O)cn(C4CC4)c3c2OC)C1,,MolPort,0.5493481565266848,0.0391437297576813,,,,,,1443,43
Cl.Cl.CC1=C2N=C(N)SC2=CC(NC(=O)[C@@H](N)C2CCCCC2)=C1,0.4422110552763819,Cc1cc2nc3ccc(N(C)C)cc3[s+]c2cc1N.[Cl-],TOLONIUM CHLORIDE,0.4326710816777042,CCN(CC)c1nc2c(s1)c1c(O)c3c(O)c(C)c4c(c32)C(=O)[C@@](C)(O/C=C/[C@H](OC)[C@@H](C)[C@@H](OC(C)=O)[C@H](C)[C@H](O)[C@H](C)[C@@H](O)[C@@H](C)/C=C/C=C(/C)C(=O)N1)O4,RIFAMEXIL,MolPort,0.5696412742137908,0.0405989468676558,,,,,,1100,44
OC1=C(CC2=C(Cl)C=C(Cl)C=C2)C(=O)N(CC2CC2)C=C1,0.3818970861748295,C[C@H]1COc2c3c(cc(c2C2(N)CC2)F)C(=O)C(=CN13)C(=O)O,BRD-K66412701,0.3820403825717322,CO[C@H]1/C=C/O[C@@]2(C)Oc3c(C)c(O)c4c(c3C2=O)C2=NC3(CCN(CC(C)C)CC3)NC2=C(NC(=O)/C(C)=C\C=C\[C@H](C)[C@H](O)[C@@H](C)[C@@H](O)[C@@H](C)[C@H](OC(C)=O)[C@@H]1C)C4=O,RIFABUTIN,MolPort,0.6159859251976013,0.0304951396544416,,,,,,585,45
NC1=NC(=CN1\N=C\C1=C(Cl)C=C(Cl)C=C1)C1=CC=C(Cl)C=C1,0.3645007923930269,[Cl-].Clc1ccc(cc1)-c1cn(Cc2ccc(Cl)c(Cl)c2)c2CCC[n+]12,MP20,0.3406889128094725,CCCCCCCCCCNCCN[C@@]1(C)C[C@H](O[C@H]2[C@H](Oc3c4cc5cc3Oc3ccc(cc3Cl)[C@@H](O)[C@@H](NC(=O)[C@@H](CC(C)C)NC)C(=O)N[C@@H](CC(N)=O)C(=O)N[C@H]5C(=O)N[C@H]3C(=O)N[C@H](C(=O)N[C@H](C(=O)O)c5cc(O)c(CNCP(=O)(O)O)c(O)c5-c5cc3ccc5O)[C@H](O)c3ccc(c(Cl)c3)O4)O[C@H](CO)[C@@H](O)[C@@H]2O)O[C@@H](C)[C@H]1O,TELAVANCIN,MolPort,0.5938081347942352,0.0257537393054661,,,,,,789,46
CN(C)C1=CC=C(C=C1)C(=S)N1CCC(CC2=CC=CC=C2)CC1,0.3748148148148148,COc1cc(C(=S)N2CCOCC2)ccc1O,VANITIOLIDE,0.3677298311444653,CCCCCCCCCCCC[N+](CCO)(CCO)Cc1ccccc1,BENZOXONIUM,MolPort,0.6876362150907517,0.0480945156471285,,,,,,170,47
S=C(Nc1ccc(Cl)cn1)Nc1cccc(Cl)c1Cl,0.3666666666666666,Clc1ccc(cc1)NC(=O)Nc1ccc(c(c1)Cl)Cl,BRD-K25029121,0.2683423913043478,N[C@@H]1CCCCN(c2c(F)cc3c(=O)c(C(=O)O)cn(C4CC4)c3c2Cl)C1,BESIFLOXACIN,ChemBridge Core,0.6396061220765114,0.0230336652943352,,,,,,409,48
Cl.Cl.Cl.NC[C@H]1O[C@@H](CO)[C@@H](O)[C@H]1N1CCN(CC1)C1=CC(=CC=C1)C(F)(F)F,0.4903339191564148,O[C@@H]1COC[C@H]2O[C@H](CC[C@@H]2N(C1)C(=O)Nc1ccc(cc1)C(F)(F)F)CC(=O)NCCc1ccncc1,BRD-K23760468,0.4519140989729225,CO[C@H]1[C@@H](O)[C@H](N)[C@@H](O[C@H]2O[C@H]([C@H](C)N)CC[C@H]2N)[C@H](O)[C@@H]1N(C)C(=O)CN,ASTROMICIN,MolPort,0.6045042109489441,0.0327228271078784,,,,,,677,49
Cl.Cl.ClC1=CC=C(COC2=CC=C(CNCC3CCNCC3)C=C2)C=C1,0.4153846153846154,COc1cc(CNC(=O)CCCCC=CC(C)C)ccc1O,CAPSAICIN,0.3418367346938775,CC(C)(C)CC(C)(C)c1ccc(OCCOCC[N+](C)(C)Cc2ccccc2)cc1,BENZETHONIUM,MolPort,0.6912674778699874,0.0192992990416823,,,,,,158,5
CN(C)[C@H]1CO[C@@H](CN2CCN(CC2)C2=CC=CC(=C2)C(F)(F)F)[C@@H]1O,0.4357338195077484,O[C@@H]1COC[C@H]2O[C@H](CC[C@@H]2N(C1)C(=O)Nc1ccc(cc1)C(F)(F)F)CC(=O)NCCc1ccncc1,BRD-K23760468,0.4072620215897939,CO[C@H]1[C@@H](O)[C@H](N)[C@@H](O[C@H]2O[C@H]([C@H](C)N)CC[C@H]2N)[C@H](O)[C@@H]1N(C)C(=O)CN,ASTROMICIN,MolPort,0.6900866145640612,0.0497626983409697,,,,,,163,50
OC=O.OC=O.COC1=CC=C(CN(C)[C@@H]2C[C@@H]3C[C@@H](C[C@@H]3C2)N(C)C)C2=C(OC)C=CC=C12,0.4100719424460431,COc1cc(CNC(=O)CCCCC=CC(C)C)ccc1O,CAPSAICIN,0.3488538681948424,CCOc1ccc2ccccc2c1C(=O)N[C@@H]1C(=O)N2[C@@H](C(=O)O)C(C)(C)S[C@H]12,NAFCILLIN,MolPort,0.5982080531120301,0.1030306473496545,,,,,,741,51
Cl.Cl.CNC1=C(C=NC2=C(C=CC=C12)N1CCNCC1)S(=O)(=O)C1=CC=CC=C1,0.4867591424968474,COc1ncc(c(n1)OC)-c1ccc2c(c(cnc2c1)S(=O)(=O)NC1CC1)Nc1cc(cc(c1)C(=O)O)Oc1cc(cc(c1)F)F,BRD-K50679358,0.4778051787916152,CN1CCN(c2c(F)cc3c(=O)c(C(=O)O)cn4c3c2SCC4)CC1,RUFLOXACIN,MolPort,0.7668883645534516,0.0198979453272707,,,,,,34,52
Cl.ClC1=CC=C(CNCCSC2=NN=NN2C2=CC=CC=C2)C=C1Cl,0.3141762452107279,COc1ccc(cc1)S(=O)(=O)N1C[C@H](O)COC[C@H]2O[C@H](CC[C@@H]21)CC(=O)NCc1ccc(c(c1)Cl)Cl,BRD-K21635943,0.3022367703218767,CN[C@H](CC(C)C)C(=O)N[C@H]1C(=O)N[C@@H](CC(N)=O)C(=O)N[C@H]2C(=O)N[C@H]3C(=O)N[C@H](C(=O)N[C@H](C(=O)NCc4ccc(-c5ccc(Cl)cc5)cc4)c4cc(O)cc(O)c4-c4cc3ccc4O)[C@H](O[C@H]3C[C@](C)(N)[C@@H](O)[C@H](C)O3)c3ccc(cc3)Oc3cc2cc(c3O[C@@H]2O[C@H](CO)[C@@H](O)[C@H](O)[C@H]2O[C@H]2C[C@](C)(N)[C@@H](O)[C@H](C)O2)Oc2ccc(cc2Cl)[C@H]1O,,MolPort,0.6052580761909485,0.0103404808236308,,,,,,672,53
OC1=C(C=C(Cl)C=C1)C(=O)NNC(=O)C1=C(Cl)C=C(Cl)C=C1,0.4904831625183016,Oc1ccccc1C(=O)N/N=C/c1cc(cc(c1O)Cl)Cl,BRD-K82837433-001-01-6,0.3171390013495276,Oc1c(Cl)cc(Cl)c(Cl)c1Cc1c(O)c(Cl)cc(Cl)c1Cl,HEXACHLOROPHENE,MolPort,0.7459414708614349,0.0121984500238338,,,,,,57,54
CC(C)c1nccn1CCCNC1CCN(c2ccccc2Cl)CC1,0.3442622950819672,N[C@@H]1CN(CC21CC2)c1c(cc2c(c1Cl)N(C=C(C(=O)O)C2=O)[C@@H]1C[C@@H]1F)F,BRD-K10836013,0.3408316291751874,N[C@@H]1CCCCN(c2c(F)cc3c(=O)c(C(=O)O)cn(C4CC4)c3c2Cl)C1,BESIFLOXACIN,ChemBridge Express,0.695818367600441,0.0292126986783739,,,,,,144,55
Cl.Cl.NC1CC(C1)C1=CC(NCCC2=C(Cl)C=C(Cl)C=C2)=NC=N1,0.3310875842155919,Clc1ccc(cc1Cl)CN(CCCNC(=S)NCCCc1cnc[nH]1)c1ccc(cn1)Br,BRD-K08438429,0.3186242699545749,COc1ccc(C[C@H](N)C(=O)N[C@@H]2[C@@H](CO)O[C@@H](n3cnc4c(N(C)C)ncnc43)[C@@H]2O)cc1,PUROMYCIN,MolPort,0.5703531849384308,0.0281286112980453,,,,,,1089,56
ClC1=CC=CC(CC2S\C(NC2=O)=N\C2=NC=CC=C2)=C1Cl,0.4023760330578512,COCCOC(=O)N1C(=O)[C@]2([C@@H]([C@@H]3N([C@H]([C@H](OC3=O)c3ccccc3)c3ccccc3)[C@@H]2c2ccc(cc2)O)C(=O)N2CCCCCCC2)c2cc(ccc21)C#CCC(C(=O)OC)C(=O)OC,BRD-K33398224,0.3992456896551724,CCCCOc1ccc(CNC2C(Oc3c4cc5cc3Oc3ccc(cc3Cl)C(O)C3NC(=O)C(NC(=O)C5NC(=O)C5NC(=O)C(Cc6ccc(cc6)O4)NC(=O)C(N(C)Cc4ccc(OCCCC)cc4)c4ccc(O)c(c4)Oc4cc(O)c(Cl)c5c4)c4ccc(O)c(c4)-c4c(O)cc(O)cc4[C@H](C(=O)NCCCN(C)C)NC3=O)OC(C(=O)NCCCN(C)C)C(O)C2O)cc1,,MolPort,0.6189141491055489,0.0286800933857289,,,,,,551,57
OC(=O)C(O)=O.CN1C(NCC2=CC=C(Cl)C(Cl)=C2)=NC=C1C1=CC2=C(OCO2)C=C1,0.4736842105263157,COc1ccc2cc3[n+](cc2c1OC)CCc1cc2c(cc1-3)OCO2.[Cl-],BERBERINE CHLORIDE,0.4159482758620689,CCCCc1ccc(CNC2C(Oc3c4cc5cc3Oc3ccc(cc3Cl)C(O)C3NC(=O)C(NC(=O)C5NC(=O)C5NC(=O)C(Cc6ccc(cc6)O4)NC(=O)C(NC)c4ccc(O)c(c4)Oc4cc(O)c(Cl)c5c4)c4ccc(O)c(c4)-c4c(cc(O)c(CN5CCN(Cc6ccc(-c7ccccc7)cc6)CC5)c4O)[C@H](C(=O)NCCCN(C)C)NC3=O)OC(C(=O)NCCCN(C)C)C(O)C2O)cc1,,MolPort,0.6618899351358414,0.0128331671070459,,,,,,282,58
CC1=C(SC(NC2=NC=C(Cl)C=C2)=N1)C(=O)NCC1=CC=C(F)C(Cl)=C1,0.4496777392166584,C=C(NC(=O)C(=C)NC(=O)c1csc(C2=NC3c4csc(n4)C4NC(=O)c5csc(n5)C(C(C)(O)C(C)O)NC(=O)C5CSC(=N5)C(=CC)NC(=O)C(C(C)O)NC(=O)c5csc(n5)C3(CC2)NC(=O)C(C)NC(=O)C(=C)NC(=O)C(C)NC(=O)C(C(C)CC)NC2C=Cc3c(C(C)O)cc(nc3C2O)C(=O)OC4C)n1)C(N)=O,THIOSTREPTON,0.4482406935237124,CNC(=O)C[C@@H]1NC(=O)c2csc(n2)-c2ccc(-c3nc(C4=N[C@H](C(=O)N5CCC[C@H]5C(N)=O)CO4)cs3)nc2-c2csc(n2)-c2csc(n2)C(C(O)c2ccccc2)NC(=O)CNC(=O)c2nc(sc2COC)[C@H](C(C)C)NC(=O)c2nc1sc2C,,MolPort,0.555037853717804,0.0153435782932977,,,,,,1340,59
ClC1=CC=C(CNC2CCN(CCC3=CC=CC=C3)CC2)C=C1Cl,0.3638443935926773,CCCCCCC[N+](CC)(CC)CCCCc1ccc(cc1)Cl,BRD-K02680176-075-12-9,0.3683083511777302,CCCCCCCCCCCC[N+](CCO)(CCO)Cc1ccccc1,BENZOXONIUM,MolPort,0.7176020807027816,0.0236882851591263,,,,,,103,6
NC1=C(N=NN1C1=C(Cl)C=C(Cl)C=C1)C(=O)NCCNC(=O)C1=C(N)N(N=N1)C1=C(Cl)C=C(Cl)C=C1,0.4703517587939698,COc1ccc(cc1)-n1cc(nn1)C(=O)NO,BRD-K80625575,0.4309815950920245,CO[C@H]1/C=C/O[C@@]2(C)Oc3c(C)c(O)c4c(=O)c(c5oc6cc(N7CCN(CC(C)C)CC7)cc(O)c6nc-5c4c3C2=O)NC(=O)/C(C)=C\C=C\[C@H](C)[C@H](O)[C@@H](C)[C@@H](O)[C@@H](C)[C@H](OC(C)=O)[C@@H]1C,RIFALAZIL,MolPort,0.5921904021501541,0.0223034088349075,,,,,,807,60
CNc1nc(C(=O)N2CCN(c3ccc(Cl)c(Cl)c3)CC2)cs1,0.3893967093235831,Cc1ccc(cc1)C(=O)N1CCN(CC1)c1ccc(cc1)NC(=O)COc1c(cc(cc1Br)C)C,BRD-K17278870,0.3592613318410744,NC1Cc2ccc(c(Cl)c2)Oc2cc3cc(c2O)Oc2ccc(cc2Cl)C(O)C2NC(=O)C(NC(=O)C3NC(=O)C(c3cc(O)cc(Oc4cc(C5NC(=S)N(c6ccccc6)C5=O)ccc4O)c3)NC1=O)c1ccc(O)c(c1)-c1c(cc(O)c(CNC3C4CC5CC(C4)CC3C5)c1O)[C@H](C(=O)O)NC2=O,,ChemBridge Express,0.7136688762903214,0.0245694356268666,,,,,,107,61
Cl.Cl.CC1=C(Cl)C=C(C=C1)N1CCC(CC1)NC1COC2(C1)CCNCC2,0.4005576208178438,O[C@@H]1COC[C@@H]2O[C@@H](CC[C@H]2N(C1)C(=O)Nc1cccc(c1)Cl)CC(=O)NCCCN1CCOCC1,BRD-K51570272,0.3445378151260504,CCC[C@@H]1C[C@@H](C(=O)N[C@H]([C@@H](C)O)[C@H]2O[C@H](SC)[C@H](O)[C@@H](O)[C@H]2O)N(C)C1.Cl.O,LINCOMYCIN HYDROCHLORIDE,MolPort,0.7414951395988464,0.0192009932824703,,,,,,65,62
Cl.ClC1=CC(Cl)=C(OCCOCCN2CCC3=CC=CC=C3C2)C=C1,0.4347826086956521,CC(C)(C)CC(C)(C)c1ccc(OCCOCC[N+](C)(C)Cc2ccccc2)cc1.[Cl-],BENZETHONIUM CHLORIDE,0.4347826086956521,CC(C)(C)CC(C)(C)c1ccc(OCCOCC[N+](C)(C)Cc2ccccc2)cc1,BENZETHONIUM,MolPort,0.6778397566080093,0.0166166773749723,,,,,,210,63
[Cl-].CCCCCCCCCC1(O)C(C)C([NH2+]C(C1CCC)C1=CC=CC=C1)C1=CC=CC=C1,0.4613095238095238,CCC1CN2CCc3cc(OC)c(OC)cc3C2CC1CC1NCCc2cc(OC)c(OC)cc21.Cl.Cl,EMETINE DIHYDROCHLORIDE,0.3465627214741318,CC[C@H]1OC(=O)[C@H](C)[C@@H](O[C@H]2C[C@@](C)(OC)[C@@](O)(c3ccccc3)[C@H](C)O2)[C@H](C)[C@@H](O[C@@H]2O[C@H](C)C[C@H](N(C)C)[C@H]2O)[C@](C)(O)C[C@@H](C)CN[C@H](C)[C@@H](O)[C@]1(C)O,,MolPort,0.7144190233945846,0.0149249855588908,,,,,,106,64
S=C(NCc1ccc(Cl)cc1)N1CCN(c2ccc(Cl)c(Cl)c2)CC1,0.3813682678311499,[O-][N+](=O)c1ccc(cc1)NC(=S)NCc1ccc(c(c1)Cl)Cl,BRD-K06741946-001-01-3,0.3036437246963562,CC(=O)NC[C@H]1CN(C(=O)O1)C2=CC(=C(C=C2)N3CCN(CC3)C(=O)CO)F,EPEREZOLID,ChemBridge Core,0.8480212354660034,0.009616320874826,,,,,,3,65
Cl.Cl.CNCCCCNC1CCN(CC1)C1=CC=C(C=C1)C1=CC=CC=C1,0.4384133611691023,NC[C@H]1CCN(C1)c1ccc(cc1)Oc1ccccc1,BRD-A20309731,0.3089171974522293,CC(=O)NC[C@H]1CN(c2ccc(-c3ccc(CNCc4cnn[nH]4)cc3)c(F)c2)C(=O)O1.Cl,RADEZOLID HYDROCHLORIDE,MolPort,0.7611664843559265,0.0169911710860079,,,,,,36,66
CNC1=NC(=CS1)C(=O)N1CCOC(C1)C1=CC(Cl)=C(Cl)C=C1,0.4233226837060703,CCCCCCCCCC(=O)N[C@@H]1[C@@H](O)[C@H](O)[C@@H](CO)O[C@H]1Oc1c2cc3cc1Oc1ccc(cc1Cl)[C@@H](O[C@@H]1O[C@H](CO)[C@@H](O)[C@H](O)[C@H]1NC(=O)C)[C@@H]1NC(=O)[C@H](NC(=O)[C@@H]3NC(=O)[C@H]3NC(=O)[C@@H](Cc4ccc(c(c4)Cl)O2)NC(=O)[C@@H](N)c2ccc(c(c2)Oc2cc(cc3c2)O)O)c2ccc(c(c2)-c2c(cc(cc2[C@@H](NC1=O)C(=O)O)O)O[C@H]1O[C@H](CO)[C@@H](O)[C@H](O)[C@@H]1O)O,BRD-K07712545,0.4241452991452991,CN[C@H](CC(C)C)C(=O)N[C@H]1C(=O)N[C@@H](CC(N)=O)C(=O)N[C@H]2C(=O)N[C@H]3C(=O)N[C@H](C(=O)N[C@H](C(=O)O)c4cc(O)cc(O)c4-c4cc3ccc4O)[C@H](O[C@H]3C[C@](C)(N)[C@@H](O)[C@H](C)O3)c3ccc(c(Cl)c3)Oc3cc2cc(c3O[C@@H]2O[C@H](CO)[C@@H](O)[C@H](O)[C@H]2O[C@H]2C[C@](C)(NCc3ccc(-c4ccc(Cl)cc4)cc3)[C@@H](O)[C@H](C)O2)Oc2ccc(cc2Cl)[C@H]1O,ORITAVANCIN,MolPort,0.6385681903362275,0.0263888414277634,,,,,,414,67
ClC1=CC=C(CN2C=CC=C(C(=O)NC3=NN=CS3)C2=O)C=C1Cl,0.4265625,COc1cc2c(cc1O)CCN[C@@]12CS[C@H]2[C@H]3[C@@H]4N(C)[C@@H](Cc5cc(c(c(c54)O)OC)C)[C@H](O)N3[C@@H](COC1=O)c1c3c(c(c(c12)OC(=O)C)C)OCO3,BRD-K00003313,0.4209968186638388,CCCCCCCCCCNCCN[C@@]1(C)C[C@H](O[C@H]2[C@H](Oc3c4cc5cc3Oc3ccc(cc3Cl)[C@@H](O)[C@@H](NC(=O)[C@@H](CC(C)C)NC)C(=O)N[C@@H](CC(N)=O)C(=O)N[C@H]5C(=O)N[C@H]3C(=O)N[C@H](C(=O)N[C@H](C(=O)O)c5cc(O)c(CNCP(=O)(O)O)c(O)c5-c5cc3ccc5O)[C@H](O)c3ccc(c(Cl)c3)O4)O[C@H](CO)[C@@H](O)[C@@H]2O)O[C@@H](C)[C@H]1O,TELAVANCIN,MolPort,0.6431266140937805,0.0245248649031742,,,,,,386,68
OC1=CC(=CC(O)=C1)C(=O)NNC(=O)NC1=CC=C(Cl)C(Cl)=C1,0.4438305709023941,Clc1ccc(cc1)NC(=O)Nc1ccc(c(c1)Cl)Cl,BRD-K25029121,0.3169750603378922,CC(C)=CCC/C(C)=C/CC/C(C)=C/CN1C(=O)c2cccc(O)c2Nc2c(O)cc(O)cc21,DIAZEPINOMICIN,MolPort,0.6460388535261155,0.0128486543614533,,,,,,367,69
ClC1=C(Cl)C=C(C=C1)N1CCN(CC1)C1=C2N=CNC2=NC=N1,0.4138461538461538,CNc1ncnc2n(cnc12)[C@@H]1O[C@H](CO)[C@@H](O)[C@H]1O,BRD-K81807412,0.413563829787234,COc1ccc(C[C@H](N)C(=O)N[C@@H]2[C@@H](CO)O[C@@H](n3cnc4c(N(C)C)ncnc43)[C@@H]2O)cc1,PUROMYCIN,MolPort,0.6193023192882537,0.024044981372687,,,,,,548,7
S=C(NCc1cccnc1)Nc1ccc(Cl)c(Cl)c1,0.4914675767918088,[O-][N+](=O)c1ccc(cc1)NC(=S)NCc1ccc(c(c1)Cl)Cl,BRD-K06741946-001-01-3,0.293015332197615,N=C(NCCCCCCNC(=N)NC(=N)Nc1ccc(Cl)cc1)NC(=N)Nc1ccc(Cl)cc1,CHLORHEXIDINE,ChemBridge Core,0.7179662191867828,0.0254439375988411,,,,,,100,70
O=C1C=C(N2CCOCC2)C(=O)C2C=CC=CC12,0.3833333333333333,CCCC[C@@H](C)/C=C(C)/C=C(\C)C(=O)NC1=C[C@@](O)(/C=C/C=C/C=C/C(=O)NC2C(=O)CCC2=O)[C@@H]2O[C@@H]2C1=O,BRD-K78599730,0.3550898203592814,CO[C@@]12[C@H](COC(N)=O)C3=C(C(=O)C(C)=C(N)C3=O)N1C[C@H]1[C@@H]2N1C,PORFIROMYCIN,MolPort,0.7870886796712875,0.0480254312772924,,,,,,20,71
[K+].[K+].[O-]S(=O)(=O)C1=CC=C2C3=CC=C(C=C3C(=O)C2=C1)S([O-])(=O)=O,0.3668690372940156,OCCNC(=O)C[C@@H]1CC=CC[C@H](NC(=O)OCC2c3ccccc3-c3ccccc32)C(=O)OCCNC1=O,BRD-K60211849,0.3655629139072848,Cc1cc(O)c2c3c4c(cc(O)c13)C(C)(C)C(=O)c1c(O)cc(O)c(c1-4)C2=O,HELIOMYCIN,MolPort,0.6703454953432083,0.0155811653622306,,,,,,240,72
ClC1=CC=C(OS(=O)(=O)CS(=O)(=O)OC2=CC=C(Cl)C(Cl)=C2)C=C1Cl,0.3066037735849056,Oc1c(Cl)c(Cl)c(Cl)c(Cl)c1Cl,PENTACHLOROPHENOL,0.2553846153846154,Oc1c(Cl)cc(Cl)c(Cl)c1Cc1c(O)c(Cl)cc(Cl)c1Cl,HEXACHLOROPHENE,MolPort,0.7131505978107452,0.0239710109003211,,,,,,109,73
COC1=CC=C(CCN2C=C(OC3=CC=CC=C3)C(=O)C(=C2)C(O)=O)C=C1O,0.4975806451612903,CCn1cc(C(=O)[O-])c(=O)c2cc3c(cc21)OCO3.[K+],OXOLINIC ACID,0.4770226537216828,COc1c(N2CCNC(C)C2)c(F)cc2c(=O)c(C(=O)O)cn(C3CC3)c12,GATIFLOXACIN,MolPort,0.6168824982643127,0.021438406271992,,,,,,575,74
Clc1ccc(OCCOCCNCc2ccccc2)cc1Cl,0.459047619047619,CC(C)(C)CC(C)(C)c1ccc(OCCOCC[N+](C)(C)Cc2ccccc2)cc1.[Cl-],BENZETHONIUM CHLORIDE,0.459047619047619,CC(C)(C)CC(C)(C)c1ccc(OCCOCC[N+](C)(C)Cc2ccccc2)cc1,BENZETHONIUM,ChemBridge Core,0.7519204586744308,0.0204083100067821,,,,,,46,75
ClC1=CC=C(C=C1)C(=O)\C=C1/NCCN/C/1=C\C(=O)C1=CC=C(Cl)C=C1,0.3931506849315068,CNC1=CC(=O)c2ccccc2C1=O,BRD-K12290434-001-01-2,0.2609006433166547,CC=CC1=C(C(=O)O)N2C(=O)[C@@H](NC(=O)[C@H](N)c3ccc(O)cc3)[C@H]2SC1,CEFPROZIL,MolPort,0.6131282889842987,0.0370152420558395,,,,,,611,76
OC=O.OC=O.CN(C)[C@H]1C[C@H]2C[C@H](C[C@H]2C1)N(C)CC1=CC2=CC=C(Cl)C=C2N=C1O,0.4072289156626506,OCCN(Cc1ccccc1)C(=O)C[C@H]1CC=CCC[C@H](Cc2ccc(cc2)F)C(=O)OC[C@@H](Cc2c[nH]c3ccccc23)NC1=O,BRD-K43944659,0.3870967741935484,C[C@H]1NCc2cc(-c3ccc4c(=O)c(C(=O)O)cn(C5CC5)c4c3OC(F)F)ccc21,GARENOXACIN,MolPort,0.6342187628149987,0.0626048000262505,,,,,,438,77
ClC1=CC=C(C2=NNC(O2)S[K])C(Cl)=C1,0.322234156820623,Clc1ccc(CON=C(Cn2ccnc2)c2ccc(Cl)cc2Cl)c(Cl)c1.O=[N+]([O-])O,OXICONAZOLE NITRATE,0.2849230769230769,COC(=O)[C@@H]1NC(=O)C2NC(=O)C(NC(=O)C(N)c3cc(Oc4ccc(CC(NC(=O)OCc5ccccc5)C(=O)O)cc4Cl)c(O)c(c3)Oc3ccc(cc3Cl)C2O)c2ccc(O)c(c2)-c2c(O)cc(O)cc21,,MolPort,0.7877341657876968,0.0258096164993305,,,,,,18,78
CC1=C(O)C=CC(C(=O)CN2CCN(CC2)C2=C(F)C=CC=C2)=C1O,0.4170305676855895,Cc1cccc2c1OCC[C@@H](N)C2=O,BRD-A99100256,0.4097560975609756,CC(=O)NC[C@H]1CN(C(=O)O1)C2=CC(=C(C=C2)N3CCN(CC3)C(=O)CO)F,EPEREZOLID,MolPort,0.6691342025995255,0.0289609868459867,,,,,,246,79
ClC1=CC(Cl)=C(NN2C(=O)C=CC2=O)C(Cl)=C1,0.2620232172470978,O=C1CCN(N1)c1ccccc1,BRD-K25650029,0.219573400250941,C[C@H]1C=C(c2csc(SC3=C(C(=O)O)N4C(=O)[C@H]([C@@H](C)O)[C@H]4[C@H]3C)n2)CN1,RAZUPENEM,MolPort,0.6688319087028504,0.0668207770831499,,,,,,247,8
[H-].O.O.O.O.OC1=CC=CN=C1C(=O)O[V+]1(=O)OC(=O)C2=NC=CC=C2O1,0.4069651741293532,C=C(NC(=O)C(=C)NC(=O)c1csc(C2=NC3c4csc(n4)C4NC(=O)c5csc(n5)C(C(C)(O)C(C)O)NC(=O)C5CSC(=N5)C(=CC)NC(=O)C(C(C)O)NC(=O)c5csc(n5)C3(CC2)NC(=O)C(C)NC(=O)C(=C)NC(=O)C(C)NC(=O)C(C(C)CC)NC2C=Cc3c(C(C)O)cc(nc3C2O)C(=O)OC4C)n1)C(N)=O,THIOSTREPTON,0.4004096262160778,CN(C)[C@@H]1C(O)=C(C(=O)NCN[C@@H](C(=O)N[C@@H]2C(=O)N3[C@@H](C(=O)O)C(C)(C)S[C@H]23)c2ccccc2)C(=O)[C@@]2(O)C(O)=C3C(=O)c4c(O)cccc4[C@@](C)(O)[C@H]3C[C@@H]12,PENIMOCYCLINE,MolPort,0.6657902079820633,0.0246482923231579,,,,,,260,80
CC1(C)CC(CC(C)(C)N1)NC1=C(N2CCN(CC2)C2=CC(Cl)=CC=C2)C(=O)C1=O,0.4191852825229961,CC1(C)CC(CC(C)(C)N1)Nc1ccc(cc1)Nc1ccccc1,BRD-K97345511,0.3566997518610422,COc1c(N2C[C@@H]3CCCN[C@@H]3C2)c(F)cc2c(=O)c(C(=O)O)cn(C3CC3)c12,MOXIFLOXACIN,MolPort,0.7176312240958214,0.0413599372806809,,,,,,102,81
OC(=O)CC12CC3CC(C1)CC(C3)(C2)N1N=CC(NCCC2=CC=C(Cl)C=C2)=C(Cl)C1=O,0.4696517412935323,C=C(NC(=O)C(=C)NC(=O)c1csc(C2=NC3c4csc(n4)C4NC(=O)c5csc(n5)C(C(C)(O)C(C)O)NC(=O)C5CSC(=N5)C(=CC)NC(=O)C(C(C)O)NC(=O)c5csc(n5)C3(CC2)NC(=O)C(C)NC(=O)C(=C)NC(=O)C(C)NC(=O)C(C(C)CC)NC2C=Cc3c(C(C)O)cc(nc3C2O)C(=O)OC4C)n1)C(N)=O,THIOSTREPTON,0.4619315278487481,CN(C)[C@@H]1C(O)=C(C(=O)NCN[C@@H](C(=O)N[C@@H]2C(=O)N3[C@@H](C(=O)O)C(C)(C)S[C@H]23)c2ccccc2)C(=O)[C@@]2(O)C(O)=C3C(=O)c4c(O)cccc4[C@@](C)(O)[C@H]3C[C@@H]12,PENIMOCYCLINE,MolPort,0.5426475790143013,0.0357459151363652,,,,,,1576,82
CSC1=NN=C(NC(=O)C2=CC(=O)C3=CC(Cl)=CC(Cl)=C3O2)S1,0.4692307692307692,CC(C)[C@@H](N(CCCN)C(=O)c1ccc(cc1)C)C1=C(Cc2ccccc2)C(=O)c2ccc(cc2O1)Cl,BRD-K68532323,0.4613821138211382,CNC(=O)C[C@@H]1NC(=O)c2csc(n2)-c2ccc(-c3nc(C4=N[C@H](C(=O)N5CCC[C@H]5C(N)=O)CO4)cs3)nc2-c2csc(n2)-c2csc(n2)C(C(O)c2ccccc2)NC(=O)CNC(=O)c2nc(sc2COC)[C@H](C(C)C)NC(=O)c2nc1sc2C,,MolPort,0.7045595741271973,0.0243494674895235,,,,,,122,83
ClC1=CC=C(NC(=S)N2CCN(CC3=CC=CC=C3)CC2)C=C1Cl,0.4089506172839506,[O-][N+](=O)c1ccc(cc1)NC(=S)NCc1ccc(c(c1)Cl)Cl,BRD-K06741946-001-01-3,0.3125,N=C(NCCCCCCNC(=N)NC(=N)Nc1ccc(Cl)cc1)NC(=N)Nc1ccc(Cl)cc1,CHLORHEXIDINE,MolPort,0.587508220076561,0.0191843569475955,,,,,,855,84
CCCCC1CSSSSS1,0.1195219123505976,CC[C@@H](C)SSc1ncc[nH]1,BRD-A56592690,0.0841628959276018,O=c1[nH]cnc2c1ncn2[C@@H]1O[C@H](CO)[C@@H](O)[C@H]1O,INOSINE,MolPort,0.9543741673231124,0.0148106042455103,,,,,,0,85
CSCCN1C=C(OC2=CC=CC=C2)C(=O)C(=C1)C(O)=O,0.4739495798319327,CCn1cc(C(=O)[O-])c(=O)c2cc3c(cc21)OCO3.[K+],OXOLINIC ACID,0.4358638743455497,C[C@H]1COc2c(N3CCN(C)CC3)c(F)cc3c(=O)c(C(=O)O)cn1c23,LEVOFLOXACIN,MolPort,0.580211312174797,0.0457142118726665,,,,,,943,86
ClC1=CC(Cl)=C(CCNC2CCN(CCC3=CC=CC=C3)CC2)C=C1,0.3950617283950617,CCCCCCC[N+](CC)(CC)CCCCc1ccc(cc1)Cl,BRD-K02680176-075-12-9,0.288860103626943,CCCC(=O)N[C@@H](CCN)C(=O)N[C@@H](C(=O)N[C@@H](CCN)C(=O)N[C@H]1CCNC(=O)[C@@H]([C@@H](C)O)NC(=O)[C@H](CCN)NC(=O)[C@H](CCN)NC(=O)[C@H](CC(C)C)NC(=O)[C@@H](Cc2ccccc2)NC(=O)[C@H](CCN)NC1=O)[C@@H](C)O,BUTANOYL FATTY ACYL POLYMYXIN B,MolPort,0.6914252138137817,0.0278147006861095,,,,,,156,87
ClC(Cl)C(=O)NC1=NC=C(CC2=C(Cl)C(Cl)=CC=C2)S1,0.325,Oc1c(Cl)cc(Cl)c(Cl)c1Cc1c(O)c(Cl)cc(Cl)c1Cl,HEXACHLOROPHENE,0.325,Oc1c(Cl)cc(Cl)c(Cl)c1Cc1c(O)c(Cl)cc(Cl)c1Cl,HEXACHLOROPHENE,MolPort,0.6361588169634342,0.0570335628735413,,,,,,424,88
CC1=C(C=CN=C1)N1CCCN(CC1)C1=NC=C(C=C1Cl)C(O)=O,0.4420772303595206,Cl.NC1CCN(c2c(F)cc3c(=O)c(C(=O)O)cn(C4CC4)c3c2Cl)C1,CLINAFOXACIN HYDROCHLORIDE,0.4387351778656126,N[C@@H]1CCCCN(c2c(F)cc3c(=O)c(C(=O)O)cn(C4CC4)c3c2Cl)C1,BESIFLOXACIN,MolPort,0.6346715700626373,0.0376723252645947,,,,,,435,89
ClC1=C(NNC(C(C=C2)=CC(Cl)=C2Cl)=O)N=CC(C(F)(F)F)=C1,0.3377630121816168,CN(C)C1C(O)=C(C(N)=O)C(=O)C2(O)C(O)=C3C(=O)c4c(O)ccc(Cl)c4C(C)(O)C3CC12.Cl,CHLORTETRACYCLINE HYDROCHLORIDE,0.3379120879120879,CN(C)[C@@H]1C(O)=C(C(=O)NCO)C(=O)[C@@]2(O)C(O)=C3C(=O)c4c(O)ccc(Cl)c4[C@@](C)(O)[C@H]3C[C@@H]12,CLOMOCYCLINE,MayBridge,0.594109371304512,0.0241346374763871,,,,,,784,9
[K+].CC1=CC=C2N=C(C=C(C([O-])=O)C2=C1)C1=C(Cl)C(Cl)=C(Cl)C=C1,0.4879060124395301,Cc1cc(c2nc(cc(c2c1)C(=O)Nc1ccc(cc1)S(=O)(=O)Nc1onc(c1C)C)-c1ccccn1)C,BRD-K27539181,0.4429530201342282,CO[C@H]1/C=C/O[C@@]2(C)Oc3c(C)c(O)c4c(=O)c(c5oc6cc(N7CCN(CC(C)C)CC7)cc(O)c6nc-5c4c3C2=O)NC(=O)/C(C)=C\C=C\[C@H](C)[C@H](O)[C@@H](C)[C@@H](O)[C@@H](C)[C@H](OC(C)=O)[C@@H]1C,RIFALAZIL,MolPort,0.696104826927185,0.01268401490192,,,,,,142,90
CC1=CC=C(Cl)C=C1N1CCN(CC1)C1=C(C(=O)C1=O)C1=CC=C(Cl)C=C1,0.4016172506738544,CCN1C=C(C(=O)O)C(=O)c2cc(c(cc21)N1CCN(CC1)C(=S)Nc1cc(ccc1Cl)C(F)(F)F)F,BRD-K36990484,0.4020618556701031,CO[C@H]1/C=C/O[C@@]2(C)Oc3c(C)c(O)c4c(=O)c(c5oc6cc(N7CCN(CC(C)C)CC7)cc(O)c6nc-5c4c3C2=O)NC(=O)/C(C)=C\C=C\[C@H](C)[C@H](O)[C@@H](C)[C@@H](O)[C@@H](C)[C@H](OC(C)=O)[C@@H]1C,RIFALAZIL,MolPort,0.6992818409204483,0.0237439649740583,,,,,,134,91
ClC1=CC(NC(=O)C2=CC(Cl)=C(Cl)C=C2)=C(C=C1)N1CCOCC1,0.4386317907444668,O=C(Nc1cc(Cl)cc(Cl)c1O)c1c(O)c(Cl)cc(Cl)c1Cl,OXYCLOZANIDE,0.4044233807266982,CC(C)=CCC/C(C)=C/CC/C(C)=C/CN1C(=O)c2cccc(O)c2Nc2c(O)cc(O)cc21,DIAZEPINOMICIN,MolPort,0.6347197717428208,0.0163310180459513,,,,,,433,92
SC1=NN=C(NC2=C(Cl)C(Cl)=CC=C2)S1,0.2820784729586426,CSc1cccc2sc(nc12)Nc1ccc(cc1)Cl,BRD-K18692571,0.2350543478260869,C[C@@H](c1ccccc1)[C@@H]1NC(=O)CNC(=O)[C@H](CO)NC(=O)[C@@H]([C@@H](O)[C@@H]2CN=C(N)N2[C@H]2O[C@H](CO)[C@@H](O)[C@H](O)[C@@H]2O)NC(=O)[C@H]([C@H](O)[C@@H]2CN=C(N)N2)NC(=O)[C@@H](Cc2ccc(O)cc2)NC1=O,,MolPort,0.7002023547887802,0.0451764567091276,,,,,,132,93
Cl.Cl.ClC1=C(C=CC=C1)C1(CCNCC1)C1=NC(NC2CCNCC2)=NC=C1,0.4609258337481334,C=C(NC(=O)C(=C)NC(=O)c1csc(C2=NC3c4csc(n4)C4NC(=O)c5csc(n5)C(C(C)(O)C(C)O)NC(=O)C5CSC(=N5)C(=CC)NC(=O)C(C(C)O)NC(=O)c5csc(n5)C3(CC2)NC(=O)C(C)NC(=O)C(=C)NC(=O)C(C)NC(=O)C(C(C)CC)NC2C=Cc3c(C(C)O)cc(nc3C2O)C(=O)OC4C)n1)C(N)=O,THIOSTREPTON,0.45097037793667,CO[C@H]1/C=C/O[C@@]2(C)Oc3c(C)c(O)c4c(=O)c(c5oc6cc(N7CCN(CC(C)C)CC7)cc(O)c6nc-5c4c3C2=O)NC(=O)/C(C)=C\C=C\[C@H](C)[C@H](O)[C@@H](C)[C@@H](O)[C@@H](C)[C@H](OC(C)=O)[C@@H]1C,RIFALAZIL,MolPort,0.6639725077152252,0.017584460306543,,,,,,271,94
O=C(Nc1nnc(-c2cccnc2)s1)c1ccc(Cl)c(Cl)c1,0.4027681660899654,CCCCCCO[C@@H](C)c1cccc(c1OC)-c1csc(n1)NC(=O)c1cc(c(c(c1)Cl)/C=C(\C)C(=O)O)Cl,BRD-K93228461,0.3795116772823779,CO[C@H]1/C=C/O[C@@]2(C)Oc3c(C)c(O)c4c(c3C2=O)C2=NC3(CCN(CC(C)C)CC3)NC2=C(NC(=O)/C(C)=C\C=C\[C@H](C)[C@H](O)[C@@H](C)[C@@H](O)[C@@H](C)[C@H](OC(C)=O)[C@@H]1C)C4=O,RIFABUTIN,ChemBridge Core,0.6161367702484131,0.0252159892946336,,,,,,583,95
ClC1=CC=C(CNCCC2=CNC3=CC=CC=C23)C=C1Cl,0.4559710494571773,FC(F)(F)c1ccc(cc1)/C=C(\C#N)c1c[nH]c2ccccc12,BRD-K82260871,0.4511677282377919,C[C@@H](C(=O)N[C@H](CC(C)C)C(=O)N[C@@H](C)C(=O)N[C@H](C(C)C)C(=O)N[C@@H](C(C)C)C(=O)N[C@@H](C(C)C)C(=O)N[C@@H](CC1=CNC2=CC=CC=C21)C(=O)N[C@H](CC(C)C)C(=O)N[C@@H](CC3=CNC4=CC=CC=C43)C(=O)N[C@H](CC(C)C)C(=O)N[C@@H](CC5=CNC6=CC=CC=C65)C(=O)N[C@H](CC(C)C)C(=O)N[C@@H](CC7=CNC8=CC=CC=C87)C(=O)NCCO)NC(=O)CNC(=O)[C@H](C(C)C)NC=O,GRAMICIDIN,MolPort,0.6864860618114471,0.0196936008111546,,,,,,174,96
CC(OC1=C(Cl)C=CC=C1)C(=O)NCC1=CC=C(Cl)C(Cl)=C1,0.4155982905982906,Clc1ccc(cc1)[C@@H](NC(=O)C1CCN(CCOc2ccc(cc2Cl)Cl)CC1)c1ccccn1,BRD-A13937616,0.3201692524682651,CC(C)(C)CC(C)(C)c1ccc(OCCOCC[N+](C)(C)Cc2ccccc2)cc1,BENZETHONIUM,MolPort,0.6193759298324585,0.0091646952648334,,,,,,547,97
ClC1=CC=C(NC2=CC(=O)OC3=CC=CC=C23)C=C1Cl,0.3066494512588767,COC1C(OC(N)=O)C(O)C(Oc2ccc3c([O-])c(NC(=O)c4ccc(O)c(CC=C(C)C)c4)c(=O)oc3c2C)OC1(C)C.[Na+],NOVOBIOCIN SODIUM,0.291005291005291,CO[C@@H]1[C@@H](OC(=O)c2ccc(C)[nH]2)[C@@H](O)[C@@H](Oc2ccc3c([O-])c(NC(=O)c4c[nH]c(C(=O)Nc5c(O)c6ccc(O[C@H]7OC(C)(C)[C@H](OC)[C@@H](OC(=O)c8ccc(C)[nH]8)[C@H]7O)c(C)c6oc5=O)c4C)c(=O)oc3c2C)OC1(C)C.[Na+],COUMERMYCIN SODIUM,MolPort,0.6432001918554306,0.0192446675776384,,,,,,385,98
[Br-].[2H]C1=C([2H])C([2H])=C(C([2H])=C1[2H])[P+](CC1=CC(O)=CC=C1)(C1=C([2H])C([2H])=C([2H])C([2H])=C1[2H])C1=C([2H])C([2H])=C([2H])C([2H])=C1[2H],0.3415529905561385,COc1cc2c(cc1O)CCN[C@@]12CS[C@H]2[C@H]3[C@@H]4N(C)[C@@H](Cc5cc(c(c(c54)O)OC)C)[C@H](O)N3[C@@H](COC1=O)c1c3c(c(c(c12)OC(=O)C)C)OCO3,BRD-K00003313,0.3372689938398357,CNC(=O)C[C@@H]1NC(=O)c2csc(n2)-c2ccc(-c3nc(C4=N[C@H](C(=O)N5CCC[C@H]5C(N)=O)CO4)cs3)nc2-c2csc(n2)-c2csc(n2)C(C(O)c2ccccc2)NC(=O)CNC(=O)c2nc(sc2COC)[C@H](C(C)C)NC(=O)c2nc1sc2C,,MolPort,0.7574295797944068,0.0304286390597331,,,,,,41,99
